id,app,title,category,programmes,steps,kinds,hazards,interruptions,citations,evalScore,standardsScore,meshes
abatement-chamber,smartcity,SmartCiti.X~ Abatement Chamber VR,Water & Environmental,hazmat-environmental,12,select; find; gauge; sequence; hold; track; drag,5,0,4,90,75,113
abatement-perimeter-awareness,smartcity,SmartCiti.X~ Abatement Perimeter Awareness VR,Community Environmental Justice,hunters-point-can-we-live,14,select; sequence; find; track; hold; gauge; turn; drag,4,2,4,97,100,183
aerial-ladder,smartcity,SmartCiti.X~ Aerial Ladder VR,Emergency Services,fall-protection,12,select; sequence; drag; gauge; turn; track; find,4,2,5,94,100,167
aerial-lashing,smartcity,SmartCiti.X~ Aerial Lashing VR,Connectivity & Telecom,,14,select; drag; hold; sequence; gauge; track; turn; find,4,2,7,95,100,261
aerosol-management,smartcity,SmartCiti.X~ Aerosol Management VR,Dental & Oral Health,dental-hygiene-unspoken-smiles,15,select; find; gauge; sequence; hold; drag; track,4,2,6,96,100,164
air-monitor,smartcity,SmartCiti.X~ Perimeter Air VR,Environmental Monitoring,air-quality-monitoring; hazmat-environmental; hunters-point-bay-restoration,10,select; sequence; gauge; hold; turn; find,4,2,3,92,67,208
air-network-data-qa,smartcity,SmartCiti.X~ Network Data Review VR,Community Environmental Justice,hunters-point-can-we-live,13,select; sequence; find; hold; gauge; track,4,2,3,97,100,159
air-sensor-install,smartcity,SmartCiti.X~ Neighbourhood Air Sensor VR,Community Environmental Justice,hunters-point-can-we-live,14,select; sequence; turn; find; hold; gauge; track,4,2,4,93,75,213
airport-ramp,smartcity,SmartCiti.X~ Airport Ramp VR,Mobility & Transit,situational-awareness; transit-ramp,11,select; find; sequence; track; gauge; drag,4,2,4,96,100,180
allergen-cocktail,smartcity,SmartCiti.X~ Allergens & Honest Drinks VR,Culinary & Hospitality,bartending-course,15,select; find; sequence; drag; hold; track,4,2,6,93,83,166
allergen-control,smartcity,SmartCiti.X~ Allergen Control VR,Culinary & Hospitality,culinary-kitchen,12,select; sequence; hold; find; drag; track,4,2,8,93,75,150
alteration-repair-ticket,smartcity,SmartCiti.X~ Alteration Repair Ticket VR,Sewing & Garment Trades,sewing-garment-trades,13,select; drag; gauge; sequence; track; hold; find,4,2,4,97,100,152
amalgam-waste-handling,smartcity,SmartCiti.X~ Amalgam Waste Handling VR,Dental & Oral Health,dental-hygiene-unspoken-smiles,15,turn; track; select; gauge; sequence; drag; find; hold,4,2,4,96,100,163
ambulance-scene-safety,smartcity,SmartCiti.X~ Ambulance Scene Safety VR,Emergency Services,first-responders,15,select; turn; sequence; drag; track; hold; find; gauge,4,2,6,96,100,217
ammonia-plant,smartcity,SmartCiti.X~ Ammonia Plant VR,Building Systems & Facilities,,16,select; turn; drag; gauge; sequence; find; track,4,2,9,96,100,221
apprenticeship-application-and-test,smartcity,SmartCiti.X~ Apprenticeship Application & Test VR,Community Environmental Justice,job-readiness-edition; wojrc-pathway-edition,12,select; find; sequence; hold; drag; turn; gauge; track,4,2,6,98,100,188
apprenticeship-standards-reading,smartcity,SmartCiti.X~ Reading an Apprenticeship Standard VR,Community Environmental Justice,job-readiness-edition; wojrc-pathway-edition,10,select; find; sequence,4,0,5,88,100,0
arc-flash-label-study,smartcity,SmartCiti.X~ Arc-Flash Label Study VR,Energy & Power,electrical-first-period,13,select; sequence; gauge; drag; find,4,2,5,95,100,152
arena-rigging,smartcity,SmartCiti.X~ Arena Rigging VR,Entertainment & Live Events,,14,select; sequence; gauge; drag; turn; track; hold; find,5,2,3,96,100,270
av-baggage-belt-loader-and-hold-loading,smartcity,SmartCiti.X~ Baggage Belt-Loader & Hold Loading VR,Mobility & Transit,aviation-maintenance-and-ground,15,sequence; select; find; drag; turn; track; gauge; hold,4,2,5,96,100,168
av-borescope-and-tool-control-inventory,smartcity,SmartCiti.X~ Borescope & Tool-Control Inventory VR,Mobility & Transit,aviation-maintenance-and-ground,15,sequence; select; gauge; drag; track; find; hold,4,2,6,96,100,158
av-deicing-truck-boom-operations,smartcity,SmartCiti.X~ De-icing Truck Boom Operations VR,Mobility & Transit,aviation-maintenance-and-ground,14,sequence; select; find; drag; turn; gauge; hold,4,2,7,96,100,160
av-ground-power-and-static-bonding-before-fuel,smartcity,SmartCiti.X~ Ground Power & Static Bonding Before Fuel VR,Mobility & Transit,aviation-maintenance-and-ground,14,sequence; select; find; drag; hold; track; gauge,4,2,7,95,100,200
av-hangar-jacking-and-stands,smartcity,SmartCiti.X~ Hangar Jacking & Stands VR,Mobility & Transit,aviation-maintenance-and-ground,15,sequence; select; find; track; turn; gauge; drag; hold,4,2,6,95,100,183
av-lavatory-and-potable-water-separation,smartcity,SmartCiti.X~ Lavatory & Potable Water Separation VR,Mobility & Transit,aviation-maintenance-and-ground,15,sequence; select; find; drag; turn; hold; track; gauge,4,2,5,95,100,156
av-marshalling-and-wingwalker-signals,smartcity,SmartCiti.X~ Marshalling & Wing-Walker Signals VR,Mobility & Transit,aviation-maintenance-and-ground,14,sequence; select; find; drag; track; hold; gauge,4,2,7,95,100,191
av-pushback-tug-and-towbar-connection,smartcity,SmartCiti.X~ Pushback Tug & Towbar Connection VR,Mobility & Transit,aviation-maintenance-and-ground,15,sequence; select; find; drag; hold; track; turn; gauge,4,2,6,95,100,163
backflow-test,smartcity,SmartCiti.X~ Backflow Test VR,Water & Environmental,,11,select; sequence; find; hold; turn; gauge; track,4,2,6,95,83,164
bakery-mixer,smartcity,SmartCiti.X~ Bakery Mixer VR,Culinary & Hospitality,culinary-kitchen,14,select; hold; turn; drag; gauge; track; find,4,2,7,93,86,152
ballast-water-sampling,smartcity,SmartCiti.X~ Ballast Water Sampling VR,Maritime & Ports,ports-maritime-ecology,13,select; turn; track; drag; hold; sequence; gauge; find,4,2,6,97,100,214
banquet-hot-hold,smartcity,SmartCiti.X~ Banquet Hot Hold VR,Culinary & Hospitality,culinary-kitchen; hotel-workers,14,select; turn; gauge; drag; sequence; track; find; hold,4,2,7,95,86,212
banquet-setup-lift,smartcity,SmartCiti.X~ Banquet Setup Lift VR,Culinary & Hospitality,hotel-workers,14,select; drag; hold; sequence; gauge; turn; find,4,2,4,97,100,182
bar-well-setup,smartcity,SmartCiti.X~ Opening the Well VR,Culinary & Hospitality,bartending-course,12,select; gauge; sequence; hold; drag; track; find,4,2,8,95,88,162
battery-storage-container-commissioning,smartcity,SmartCiti.X~ Battery Storage Container Commissioning VR,Energy & Power,energy-transition,15,select; find; gauge; sequence; drag; hold; turn; track,4,2,8,97,100,229
battery-yard,smartcity,SmartCiti.X~ Battery Yard VR,Energy & Power,electrical-first-period; energy-transition,12,select; sequence; hold; gauge; drag; find,4,2,5,98,100,209
bb-coach-feedback-and-growth-mindset,smartcity,SmartCiti.X~ Coach Feedback and Growth Mindset VR,Youth Sports & Coaching,basketball-fundamentals,14,find; select; hold; sequence; turn; gauge; drag; track,4,2,6,96,100,201
bb-composure-with-a-hostile-crowd-and-officials,smartcity,SmartCiti.X~ Composure with a Hostile Crowd and Officials VR,Youth Sports & Coaching,basketball-fundamentals,14,find; select; hold; sequence; turn; gauge; drag; track,4,2,6,96,100,252
bb-defensive-stance-and-closeouts,smartcity,SmartCiti.X~ Defensive Stance and Closeouts VR,Youth Sports & Coaching,basketball-fundamentals,14,find; select; sequence; hold; track; gauge; turn; drag,4,2,5,97,100,223
bb-dribble-moves-and-change-of-pace,smartcity,SmartCiti.X~ Dribble Moves and Change of Pace VR,Youth Sports & Coaching,basketball-fundamentals,14,find; select; sequence; gauge; turn; hold; track; drag,4,2,5,95,100,170
bb-final-possession-decision-under-pressure,smartcity,"SmartCiti.X~ Final Possession, Decision Under Pressure VR",Youth Sports & Coaching,basketball-fundamentals,14,find; select; sequence; turn; hold; gauge; drag; track,4,2,6,96,100,241
bb-footwork-pivots-and-jump-stops,smartcity,SmartCiti.X~ Footwork: Pivots and Jump Stops VR,Youth Sports & Coaching,basketball-fundamentals,14,find; select; sequence; hold; gauge; turn; drag; track,4,2,5,97,100,234
bb-free-throw-routine,smartcity,SmartCiti.X~ Free Throw Routine VR,Youth Sports & Coaching,basketball-fundamentals,14,find; select; drag; sequence; hold; turn; gauge; track,4,2,5,97,100,248
bb-layups-and-finishing-at-the-rim,smartcity,SmartCiti.X~ Layups and Finishing at the Rim VR,Youth Sports & Coaching,basketball-fundamentals,14,find; hold; select; sequence; turn; track; gauge; drag,4,2,5,95,100,174
bb-passing-and-catching,smartcity,SmartCiti.X~ Passing and Catching VR,Youth Sports & Coaching,basketball-fundamentals,14,find; select; sequence; hold; gauge; drag; turn; track,4,2,5,97,100,243
bb-pre-game-routine-and-visualisation,smartcity,SmartCiti.X~ Pre-Game Routine and Visualisation VR,Youth Sports & Coaching,basketball-fundamentals,14,find; select; hold; sequence; gauge; turn; drag; track,4,2,6,97,100,262
bb-rebounding-and-boxing-out,smartcity,SmartCiti.X~ Rebounding and Boxing Out VR,Youth Sports & Coaching,basketball-fundamentals,14,find; select; sequence; hold; turn; gauge; track; drag,4,2,5,97,100,244
bb-reset-routine-after-a-miss,smartcity,SmartCiti.X~ Reset Routine After a Miss VR,Youth Sports & Coaching,basketball-fundamentals,14,find; select; hold; sequence; turn; gauge; drag; track,4,2,6,96,100,206
bb-scrimmage-and-sportsmanship-debrief,smartcity,SmartCiti.X~ Scrimmage and Sportsmanship Debrief VR,Youth Sports & Coaching,basketball-fundamentals,14,find; select; sequence; turn; track; gauge; hold; drag,4,2,5,97,100,226
bb-shooting-form-and-arc,smartcity,SmartCiti.X~ Shooting Form and Arc VR,Youth Sports & Coaching,basketball-fundamentals,14,find; select; turn; sequence; hold; track; gauge; drag,4,2,5,97,100,205
bb-stance-and-ball-handling,smartcity,SmartCiti.X~ Stance and Ball Handling VR,Youth Sports & Coaching,basketball-fundamentals,14,find; gauge; drag; sequence; hold; select; turn; track,4,2,5,97,100,230
bb-team-offense-spacing-and-screens,smartcity,SmartCiti.X~ Team Offense: Spacing and Screens VR,Youth Sports & Coaching,basketball-fundamentals,14,find; select; drag; sequence; hold; gauge; turn; track,4,2,5,97,100,241
bb-teammate-conflict-and-accountability,smartcity,SmartCiti.X~ Teammate Conflict and Accountability VR,Youth Sports & Coaching,basketball-fundamentals,14,find; select; hold; sequence; turn; gauge; drag; track,4,2,6,96,100,244
bb-warmup-injury-prevention-and-hydration,smartcity,"SmartCiti.X~ Warm-Up, Injury Prevention and Hydration VR",Youth Sports & Coaching,basketball-fundamentals,14,find; select; drag; sequence; hold; gauge; turn; track,4,2,5,97,100,248
biomonitoring-consent,smartcity,SmartCiti.X~ Biomonitoring Consent VR,Community Environmental Justice,hunters-point-can-we-live,13,select; hold; find; drag; turn; sequence,4,2,4,98,100,193
bioswale-build,smartcity,SmartCiti.X~ Bioswale Build VR,Water & Environmental,hunters-point-bay-restoration,13,select; find; sequence; gauge; drag; track; turn; hold,4,2,4,98,100,246
boiler-room,smartcity,SmartCiti.X~ Boiler Room VR,Building Systems & Facilities,property-management; situational-awareness; stationary-engineer,12,select; gauge; sequence; turn; hold; track,4,2,4,92,75,124
br-barge-loading-of-contaminated-sediment,smartcity,SmartCiti.X~ Barge Loading of Contaminated Sediment VR,Maritime & Ports,bay-restoration-maritime-underwater,14,sequence; select; find; drag; turn; track; hold; gauge,4,2,9,98,100,203
br-beach-seine-fish-survey-and-handling,smartcity,SmartCiti.X~ Beach Seine Fish Survey & Handling VR,Water & Environmental,bay-restoration-maritime-underwater,14,sequence; select; find; drag; turn; track; hold; gauge,4,2,6,95,100,168
br-benthic-grab-and-invertebrate-sorting,smartcity,SmartCiti.X~ Benthic Grab & Invertebrate Sorting VR,Maritime & Ports,bay-restoration-maritime-underwater,15,sequence; select; find; turn; drag; track; hold; gauge,4,2,5,95,100,191
br-bird-nesting-buffer-and-work-window,smartcity,SmartCiti.X~ Bird Nesting Buffer & Work Window VR,Environmental Monitoring,bay-restoration-maritime-underwater,14,sequence; select; find; turn; drag; track; hold; gauge,4,2,5,95,100,266
br-boom-towing-between-two-vessels,smartcity,SmartCiti.X~ Boom Towing Between Two Vessels VR,Maritime & Ports,bay-restoration-maritime-underwater,14,sequence; select; find; gauge; turn; hold; track; drag,4,2,10,97,100,190
br-cold-water-immersion-and-mob-recovery,smartcity,SmartCiti.X~ Cold Water Immersion & MOB Recovery VR,Maritime & Ports,bay-restoration-maritime-underwater,14,sequence; find; select; drag; hold; gauge; turn; track,4,2,9,94,83,198
br-culvert-retrofit-for-fish-passage,smartcity,SmartCiti.X~ Culvert Retrofit For Fish Passage VR,Water & Environmental,bay-restoration-maritime-underwater,14,select; sequence; find; drag; turn; gauge; track; hold,4,2,9,96,100,259
br-debris-skimmer-vessel-operations,smartcity,SmartCiti.X~ Debris Skimmer Vessel Operations VR,Maritime & Ports,bay-restoration-maritime-underwater,14,sequence; select; find; turn; gauge; track; drag; hold,4,2,11,98,100,198
br-derelict-gear-recovery-dive,smartcity,SmartCiti.X~ Derelict Gear Recovery Dive VR,Maritime & Ports,bay-restoration-maritime-underwater,13,select; find; hold; turn; drag; sequence; gauge; track,4,2,7,96,100,189
br-derelict-vessel-salvage-rigging,smartcity,SmartCiti.X~ Derelict Vessel Salvage Rigging VR,Maritime & Ports,bay-restoration-maritime-underwater,14,sequence; select; find; drag; gauge; turn; track; hold,4,2,13,97,100,237
br-dive-site-hazard-assessment-and-jsa,smartcity,SmartCiti.X~ Dive Site Hazard Assessment & JSA VR,Maritime & Ports,bay-restoration-maritime-underwater,14,select; find; gauge; hold; turn; drag; track; sequence,4,2,9,98,100,217
br-dive-tender-and-umbilical-management,smartcity,SmartCiti.X~ Dive Tender & Umbilical Management VR,Maritime & Ports,bay-restoration-maritime-underwater,14,select; find; sequence; drag; track; hold; gauge; turn,4,2,8,97,100,218
br-dredge-material-screening-and-disposal-decision,smartcity,SmartCiti.X~ Dredge Material Screening & Disposal Decision VR,Environmental Monitoring,bay-restoration-maritime-underwater,14,select; sequence; gauge; find; turn; track; hold; drag,4,2,10,97,100,232
br-dredge-spoils-dewatering-pad,smartcity,SmartCiti.X~ Dredge Spoils Dewatering Pad VR,Environmental Monitoring,bay-restoration-maritime-underwater,14,select; sequence; find; gauge; drag; turn; track; hold,4,2,9,97,100,214
br-drone-shoreline-survey,smartcity,SmartCiti.X~ Drone Shoreline Survey VR,Environmental Monitoring,bay-restoration-maritime-underwater,15,sequence; select; find; turn; drag; track; hold; gauge,4,2,5,95,100,243
br-fish-screen-maintenance,smartcity,SmartCiti.X~ Fish Screen Maintenance VR,Water & Environmental,bay-restoration-maritime-underwater,15,select; sequence; find; gauge; turn; drag; hold; track,4,2,9,96,100,158
br-hyperbaric-chamber-standby,smartcity,SmartCiti.X~ Hyperbaric Chamber Standby VR,Maritime & Ports,bay-restoration-maritime-underwater,13,select; find; turn; gauge; hold; sequence; drag; track,4,2,9,96,100,235
br-intertidal-invasive-removal-by-hand-crew,smartcity,SmartCiti.X~ Intertidal Invasive Removal By Hand Crew VR,Water & Environmental,bay-restoration-maritime-underwater,15,select; sequence; find; turn; hold; gauge; drag; track,4,2,8,95,100,187
br-legacy-mercury-and-pcb-hotspot-handling,smartcity,SmartCiti.X~ Legacy Mercury & PCB Hotspot Handling VR,Environmental Monitoring,bay-restoration-maritime-underwater,14,select; sequence; gauge; find; drag; turn; track; hold,4,2,9,97,100,230
br-levee-inspection-and-seepage,smartcity,SmartCiti.X~ Levee Inspection And Seepage VR,Water & Environmental,bay-restoration-maritime-underwater,14,select; sequence; find; gauge; track; drag; hold; turn,4,2,9,96,100,198
br-marine-mammal-observer-during-pile-driving,smartcity,SmartCiti.X~ Marine Mammal Observer During Pile Driving VR,Maritime & Ports,bay-restoration-maritime-underwater,14,sequence; select; find; turn; track; hold; gauge,4,2,7,94,100,273
br-native-planting-and-erosion-mats,smartcity,SmartCiti.X~ Native Planting & Erosion Control Mats VR,Water & Environmental,bay-restoration-maritime-underwater,14,select; sequence; find; drag; turn; gauge; track; hold,4,2,7,96,100,207
br-restoration-data-qa-and-public-reporting,smartcity,SmartCiti.X~ Restoration Data QA & Public Reporting VR,Environmental Monitoring,bay-restoration-maritime-underwater,15,sequence; select; find; drag; turn; track; hold; gauge,4,2,5,96,100,171
br-sediment-chain-of-custody-and-lab-prep,smartcity,SmartCiti.X~ Sediment Chain of Custody & Lab Prep VR,Environmental Monitoring,bay-restoration-maritime-underwater,14,select; sequence; find; gauge; turn; track; hold; drag,4,2,8,98,100,211
br-shoreline-cleanup-sharps-and-hazardous-debris,smartcity,SmartCiti.X~ Shoreline Cleanup — Sharps And Hazardous Debris VR,Water & Environmental,bay-restoration-maritime-underwater,14,select; sequence; find; gauge; drag; track; hold; turn,4,2,9,96,100,193
br-surface-supplied-dive-station-setup,smartcity,SmartCiti.X~ Surface-Supplied Dive Station Setup VR,Maritime & Ports,bay-restoration-maritime-underwater,13,select; drag; find; turn; sequence; gauge; hold; track,4,2,8,98,100,237
br-tidal-marsh-grading-amphibious-excavator,smartcity,SmartCiti.X~ Tidal Marsh Grading — Amphibious Excavator VR,Water & Environmental,bay-restoration-maritime-underwater,13,select; sequence; find; drag; turn; track; gauge; hold,4,2,9,96,100,237
br-trash-capture-device-service,smartcity,SmartCiti.X~ Trash Capture Device Service VR,Environmental Monitoring,bay-restoration-maritime-underwater,14,select; sequence; find; gauge; drag; turn; track; hold,4,2,12,98,100,198
br-turbidity-curtain-deployment,smartcity,SmartCiti.X~ Turbidity Curtain Deployment VR,Environmental Monitoring,bay-restoration-maritime-underwater,14,select; sequence; find; gauge; turn; drag; track; hold,4,2,9,97,100,253
br-underwater-debris-survey-and-mapping,smartcity,SmartCiti.X~ Underwater Debris Survey & Mapping VR,Maritime & Ports,bay-restoration-maritime-underwater,13,select; turn; drag; track; find; gauge; sequence; hold,4,2,7,96,100,187
br-underwater-sediment-core-sampling,smartcity,SmartCiti.X~ Underwater Sediment Core Sampling VR,Maritime & Ports,bay-restoration-maritime-underwater,13,select; find; drag; track; sequence; hold; gauge; turn,4,2,8,97,100,191
br-vhf-and-navigation-in-a-work-zone,smartcity,SmartCiti.X~ VHF & Navigation in a Work Zone VR,Maritime & Ports,bay-restoration-maritime-underwater,14,sequence; find; select; turn; gauge; track; hold,4,2,8,93,100,248
br-volunteer-cleanup-day-safety-lead,smartcity,SmartCiti.X~ Volunteer Cleanup Day Safety Lead VR,Water & Environmental,bay-restoration-maritime-underwater,15,sequence; select; find; drag; track; hold; gauge,4,2,5,96,100,211
br-water-quality-sonde-calibration-and-deploy,smartcity,SmartCiti.X~ Water Quality Sonde Calibration & Deploy VR,Environmental Monitoring,bay-restoration-maritime-underwater,14,select; sequence; find; gauge; hold; drag; turn; track,4,2,9,98,100,245
br-workboat-crane-lift-from-water,smartcity,SmartCiti.X~ Workboat Crane Lift From Water VR,Maritime & Ports,bay-restoration-maritime-underwater,14,sequence; select; find; turn; gauge; drag; track; hold,4,2,9,97,100,182
bridge-blast,smartcity,SmartCiti.X~ Bridge Blast VR,Surface Prep & Coatings,,15,select; drag; gauge; turn; sequence; track; find; hold,4,2,9,95,100,246
bridge-cable-inspection,smartcity,SmartCiti.X~ Bridge Cable Inspection VR,Construction & Structural Trades,bridge-and-structural,13,select; turn; find; track; gauge; drag; sequence,4,2,5,94,100,172
bridge-lead-containment,smartcity,SmartCiti.X~ Bridge Lead Containment VR,Construction & Structural Trades,bridge-and-structural,14,select; drag; sequence; turn; gauge; track; find; hold,4,2,8,94,100,202
broadcast-truck,smartcity,SmartCiti.X~ Broadcast Truck VR,Entertainment & Live Events,,14,select; turn; gauge; drag; sequence; hold; track; find,4,2,5,96,100,220
bs-bearing-replacement-and-jacking,smartcity,SmartCiti.X~ Bearing Replacement & Jacking VR,Construction & Structural Trades,bridge-and-structural,14,select; sequence; find; drag; track; gauge; hold; turn,4,2,6,96,100,224
bs-structural-bolting-and-torque,smartcity,SmartCiti.X~ Structural Bolting & Torque VR,Construction & Structural Trades,bridge-and-structural,14,select; find; gauge; sequence; turn; hold; track; drag,4,2,7,97,100,280
bs-tandem-lift-girder-set,smartcity,SmartCiti.X~ Tandem Lift & Girder Set VR,Construction & Structural Trades,bridge-and-structural,14,select; find; gauge; drag; sequence; track; hold; turn,4,2,9,96,100,277
bt-formwork-stripping-and-reshoring,smartcity,SmartCiti.X~ Formwork Stripping & Reshoring VR,Construction & Structural Trades,builders-trades,13,select; find; turn; hold; drag; gauge; sequence; track,4,2,6,97,100,199
bt-masonry-wall-layout-and-mortar,smartcity,SmartCiti.X~ Masonry Wall Layout & Mortar VR,Construction & Structural Trades,builders-trades,14,select; sequence; find; drag; gauge; hold; turn; track,4,2,6,97,100,198
bt-rebar-tying-and-impalement-protection,smartcity,SmartCiti.X~ Rebar Tying & Impalement Protection VR,Construction & Structural Trades,builders-trades,13,select; find; drag; sequence; gauge; hold; turn; track,4,2,7,97,100,201
budget-tradeoff-hearing,smartcity,SmartCiti.X~ Budget Tradeoff Hearing VR,Community Environmental Justice,civic-leadership-and-ei,13,find; turn; select; sequence; gauge; hold; drag; track,4,2,7,98,100,228
budget-with-irregular-income,smartcity,SmartCiti.X~ Budget With Irregular Income VR,Community Environmental Justice,job-readiness-edition; wojrc-pathway-edition,12,select; find; gauge; sequence; drag; hold; turn; track,4,2,6,96,100,181
building-rad-scan,smartcity,SmartCiti.X~ Building Rad Scan VR,Environmental Monitoring,hunters-point-bay-restoration,15,select; sequence; hold; gauge; track; turn; drag; find,4,2,5,94,100,234
bunkering-watch,smartcity,SmartCiti.X~ Bunkering Watch VR,Maritime & Ports,port-operations; ports-maritime-ecology,12,select; sequence; track; gauge; turn; find,4,2,7,90,100,167
bus-depot-lift,smartcity,SmartCiti.X~ Bus Depot Lift VR,Mobility & Transit,transit-ramp,10,select; sequence; gauge; drag; track; hold; find,4,2,5,93,80,118
bus-yard-fuelling-and-brake-check,smartcity,SmartCiti.X~ Bus Yard Fuelling & Brake Check VR,Mobility & Transit,transit-ramp,15,select; sequence; drag; hold; turn; find; gauge; track,4,2,9,96,89,195
ca-cabin-decompression-and-oxygen-masks,smartcity,SmartCiti.X~ Cabin Decompression and Oxygen Mask Drill VR,Mobility & Transit,airline-cabin-and-flight-crew,13,select; sequence; find; drag; hold; turn; gauge; track,4,2,3,94,100,207
ca-cabin-medical-event-response,smartcity,SmartCiti.X~ Cabin Medical Event Response VR,Mobility & Transit,airline-cabin-and-flight-crew,13,select; sequence; find; drag; turn; gauge; hold,4,2,4,95,100,207
ca-cabin-preflight-safety-check,smartcity,SmartCiti.X~ Cabin Pre-Flight Safety Check VR,Mobility & Transit,airline-cabin-and-flight-crew,13,select; find; sequence; hold; turn; track; drag,4,2,3,94,100,184
ca-door-evacuation-drill,smartcity,SmartCiti.X~ Door Evacuation Drill VR,Mobility & Transit,airline-cabin-and-flight-crew,13,select; sequence; find; drag; hold; track; gauge,4,2,3,96,100,198
ca-fatigue-and-duty-time-self-check,smartcity,SmartCiti.X~ Fatigue and Duty-Time Self-Check VR,Mobility & Transit,airline-cabin-and-flight-crew,13,select; sequence; find; hold; turn; gauge; track,4,2,3,95,100,117
ca-flight-deck-crew-resource-management,smartcity,SmartCiti.X~ Flight Deck Crew Resource Management Briefing VR,Mobility & Transit,airline-cabin-and-flight-crew,13,sequence; find; select; turn; gauge; hold; track,4,2,3,96,100,128
ca-galley-and-cart-safety,smartcity,SmartCiti.X~ Galley and Cart Safety VR,Mobility & Transit,airline-cabin-and-flight-crew,12,select; find; sequence; gauge; turn; hold; track,4,2,3,95,100,146
ca-unruly-passenger-deescalation,smartcity,SmartCiti.X~ Unruly Passenger De-escalation VR,Mobility & Transit,airline-cabin-and-flight-crew,13,select; sequence; find; turn; gauge; drag,4,2,3,94,100,178
cafeteria-serving,smartcity,SmartCiti.X~ Cafeteria Serving VR,Culinary & Hospitality,culinary-kitchen,13,select; turn; gauge; hold; find; sequence; track; drag,4,2,9,95,78,194
can-we-live-story,smartcity,SmartCiti.X~ Can We Live? — The Story VR,Community Environmental Justice,hunters-point-can-we-live,10,select; sequence,4,0,3,73,67,0
cardiac-arrest-pit-crew,smartcity,SmartCiti.X~ Cardiac Arrest — Pit Crew VR,Emergency Services,first-responders,14,find; sequence; track; turn; drag; hold; select; gauge,4,2,5,96,100,230
cath-lab,smartcity,SmartCiti.X~ Cath Lab VR,Building Systems & Facilities,,14,select; find; sequence; gauge; turn; hold; drag; track,4,2,6,98,100,269
cd-decompression-chamber-operations-and-post-dive,smartcity,SmartCiti.X~ Decompression Chamber Operations & Post-Dive VR,Maritime & Ports,commercial-diving-and-scientific-scuba,14,select; find; sequence; turn; drag; hold; track; gauge,4,2,10,96,100,196
cd-dive-records-and-incident-review,smartcity,SmartCiti.X~ Dive Records & Incident Review VR,Maritime & Ports,commercial-diving-and-scientific-scuba,13,select; find; sequence; track; drag; hold; gauge; turn,4,2,9,96,100,205
cd-hydraulic-tools-and-suction-hazards-underwater,smartcity,SmartCiti.X~ Hydraulic Tools & Suction Hazards Underwater VR,Maritime & Ports,commercial-diving-and-scientific-scuba,13,select; find; sequence; hold; turn; drag; track; gauge,4,2,11,95,100,220
cd-low-visibility-and-night-dive-line-work,smartcity,SmartCiti.X~ Low-Visibility & Night Dive Line Work VR,Maritime & Ports,commercial-diving-and-scientific-scuba,13,select; find; sequence; track; hold; drag; gauge; turn,4,2,9,95,100,133
cd-pier-piling-inspection-and-wrap-repair,smartcity,SmartCiti.X~ Pier Piling Inspection & Wrap Repair VR,Maritime & Ports,commercial-diving-and-scientific-scuba,14,select; track; find; hold; gauge; sequence; drag; turn,4,2,10,95,100,156
cd-rov-launch-recovery-and-tether-management,smartcity,"SmartCiti.X~ ROV Launch, Recovery & Tether Management VR",Maritime & Ports,commercial-diving-and-scientific-scuba,15,select; find; sequence; drag; turn; hold; track; gauge,4,2,10,94,100,248
cd-scientific-scuba-buddy-check-and-lost-buddy-drill,smartcity,SmartCiti.X~ Scientific Scuba: Buddy Check & Lost-Buddy Drill VR,Maritime & Ports,commercial-diving-and-scientific-scuba,14,select; sequence; find; drag; track; hold; gauge; turn,4,2,8,96,100,202
cd-underwater-wet-welding-and-cutting,smartcity,SmartCiti.X~ Underwater Wet Welding & Cutting — Surface Side VR,Maritime & Ports,commercial-diving-and-scientific-scuba,14,select; find; drag; sequence; turn; hold; track; gauge,4,2,12,96,100,216
cell-site-battery,smartcity,SmartCiti.X~ Cell Site Battery VR,Connectivity & Telecom,energy-transition,11,select; sequence; turn; gauge; drag; hold; find,4,2,4,98,100,170
chain-hoist,smartcity,SmartCiti.X~ Chain Hoist VR,Entertainment & Live Events,live-events; rigging-lifting,10,select; gauge; sequence; hold; track; find,4,2,4,95,100,118
chairside-emergency,smartcity,SmartCiti.X~ Chairside Emergency VR,Dental & Oral Health,dental-hygiene-unspoken-smiles,12,find; sequence; hold; turn; select; track; drag,4,2,5,97,100,159
charge-point,smartcity,SmartCiti.X~ Charge Point VR,Energy & Power,electrical-first-period; energy-transition,11,select; sequence; turn; hold; gauge; drag,4,2,4,97,100,198
chiller-plant,smartcity,SmartCiti.X~ Chiller Plant VR,Building Systems & Facilities,stationary-engineer,13,select; gauge; turn; sequence; drag; find,4,2,4,93,75,126
chlorine-room,smartcity,SmartCiti.X~ Chlorine Room VR,Water & Environmental,confined-space; situational-awareness,12,select; gauge; sequence; turn; drag; hold; find,4,2,4,94,75,147
civic-principles-briefing,smartcity,SmartCiti.X~ Civic Principles Briefing VR,Community Environmental Justice,civic-leadership-and-ei,10,select; sequence,5,0,7,81,100,0
cm-cold-weather-curing-and-blankets,smartcity,SmartCiti.X~ Cold Weather Curing & Blankets VR,Construction & Structural Trades,cement-masons-and-plasterers,13,select; find; sequence; gauge; drag; hold; track,4,2,6,97,100,176
cm-concrete-saw-cutting-with-water-and-silica-control,smartcity,SmartCiti.X~ Concrete Saw Cutting with Water & Silica Control VR,Construction & Structural Trades,cement-masons-and-plasterers,13,select; find; sequence; gauge; turn; hold; track; drag,4,2,5,96,100,185
cm-curb-and-gutter-forms-and-finish,smartcity,SmartCiti.X~ Curb & Gutter Forms & Finish VR,Construction & Structural Trades,cement-masons-and-plasterers,14,select; find; sequence; gauge; track; hold; turn; drag,4,2,7,95,100,208
cm-epoxy-floor-coating-and-ventilation,smartcity,SmartCiti.X~ Epoxy Floor Coating & Ventilation VR,Construction & Structural Trades,cement-masons-and-plasterers,13,select; find; sequence; gauge; hold; turn; track; drag,4,2,5,97,100,185
cm-exterior-plaster-scratch-brown-and-finish-coats,smartcity,"SmartCiti.X~ Exterior Plaster Scratch, Brown & Finish Coats VR",Construction & Structural Trades,cement-masons-and-plasterers,13,select; find; sequence; gauge; hold; drag; turn,4,2,4,97,100,169
cm-power-trowel-operation-and-guarding,smartcity,SmartCiti.X~ Power Trowel Operation & Guarding VR,Construction & Structural Trades,cement-masons-and-plasterers,13,select; find; sequence; gauge; hold; track; turn; drag,4,2,5,96,100,175
cm-shotcrete-nozzle-and-rebound,smartcity,SmartCiti.X~ Shotcrete Nozzle & Rebound VR,Construction & Structural Trades,cement-masons-and-plasterers,13,select; find; sequence; gauge; hold; track; turn; drag,4,2,5,96,100,172
cm-slab-screed-bull-float-and-trowel,smartcity,"SmartCiti.X~ Slab Screed, Bull Float & Trowel VR",Construction & Structural Trades,cement-masons-and-plasterers,15,select; find; sequence; gauge; track; hold; turn; drag,4,2,7,95,100,158
cnc-cell,smartcity,SmartCiti.X~ CNC Cell VR,Manufacturing & Automation,,13,select; sequence; gauge; track; turn; drag; find,4,2,7,98,100,178
coalition-building-table,smartcity,SmartCiti.X~ Coalition Building Table VR,Community Environmental Justice,civic-leadership-and-ei,13,find; turn; select; hold; sequence; drag; gauge; track,4,2,7,97,100,235
community-listening-session,smartcity,SmartCiti.X~ Community Listening Session VR,Community Environmental Justice,civic-leadership-and-ei,13,find; drag; select; turn; hold; sequence; gauge; track,4,2,6,97,100,278
community-soil-split,smartcity,SmartCiti.X~ Community Soil Split VR,Community Environmental Justice,hunters-point-can-we-live,12,select; gauge; sequence; hold; drag; find,4,2,3,98,100,173
concrete-pour,smartcity,SmartCiti.X~ Concrete Pour VR,Construction & Structural Trades,builders-trades,12,select; find; sequence; gauge; track; hold; turn; drag,4,2,8,97,100,190
confined-rescue,smartcity,SmartCiti.X~ Confined Rescue VR,Emergency Services,confined-space; situational-awareness,11,select; hold; sequence; turn; gauge; track,4,2,6,97,100,157
conflict-mediation-room,smartcity,SmartCiti.X~ Conflict Mediation Room VR,Community Environmental Justice,civic-leadership-and-ei,13,find; select; turn; sequence; hold; drag; gauge; track,4,2,6,97,100,191
constituent-service-desk,smartcity,SmartCiti.X~ Constituent Service Desk VR,Community Environmental Justice,civic-leadership-and-ei,14,find; select; hold; sequence; drag; gauge; turn; track,4,2,7,98,100,199
container-lashing,smartcity,SmartCiti.X~ Container Lashing VR,Maritime & Ports,bay-area-union-edition; port-operations; ports-maritime-ecology,11,select; sequence; hold; gauge; turn; find,5,2,5,97,100,242
conveyor-guard,smartcity,SmartCiti.X~ Conveyor Guard VR,Manufacturing & Automation,,11,select; turn; hold; drag; find; gauge,4,2,5,96,100,155
cooling-tower,smartcity,SmartCiti.X~ Cooling Tower VR,Building Systems & Facilities,stationary-engineer,11,select; sequence; turn; hold; find; gauge; track,4,2,8,93,56,186
crane-yard,smartcity,SmartCiti.X~ Crane Yard VR,Construction & Structural Trades,rigging-lifting; situational-awareness,15,select; sequence; gauge; hold; track; drag,4,2,6,91,100,121
credit-report-reading,smartcity,SmartCiti.X~ Credit Report Reading VR,Community Environmental Justice,job-readiness-edition; wojrc-pathway-edition,12,select; find; hold; gauge; sequence; drag; turn; track,4,2,5,96,100,189
creosote-pile-removal,smartcity,SmartCiti.X~ Creosote Pile Removal VR,Maritime & Ports,hunters-point-bay-restoration,13,select; sequence; drag; find; turn; track; gauge; hold,4,2,8,96,100,241
crisis-communication-podium,smartcity,SmartCiti.X~ Crisis Communication Podium VR,Community Environmental Justice,civic-leadership-and-ei,13,find; select; turn; sequence; gauge; hold; drag; track,4,2,6,98,100,211
crisis-intervention-call,smartcity,SmartCiti.X~ Crisis Intervention Call VR,Emergency Services,first-responders,15,find; gauge; turn; select; track; sequence; hold; drag,4,2,8,95,100,263
crisis-line-shift,smartcity,SmartCiti.X~ Crisis Line Shift VR,Emergency Services,first-responders,14,drag; find; select; sequence; track; hold; gauge; turn,5,2,8,96,100,185
critical-incident-debrief,smartcity,SmartCiti.X~ Critical Incident Debrief VR,Emergency Services,first-responders,15,find; gauge; turn; drag; select; sequence; track; hold,4,2,9,94,89,193
cs-non-entry-retrieval-and-tripod,smartcity,SmartCiti.X~ Non-Entry Retrieval & Tripod VR,Water & Environmental,confined-space,14,select; find; drag; sequence; hold; track; turn,4,2,9,97,100,200
cs-permit-entry-and-attendant-duties,smartcity,SmartCiti.X~ Permit Entry & Attendant Duties VR,Water & Environmental,confined-space,13,select; find; sequence; gauge; drag; track; hold,4,2,9,98,100,224
cs-ventilation-and-air-monitoring-plan,smartcity,SmartCiti.X~ Ventilation & Air Monitoring Plan VR,Water & Environmental,confined-space,14,select; find; drag; turn; sequence; hold; gauge; track,4,2,8,97,100,200
cutoff-overservice,smartcity,SmartCiti.X~ Cut-Off / Overservice VR,Culinary & Hospitality,bartending-course,14,select; find; gauge; turn; hold; sequence; drag,4,2,6,93,83,179
cutting-table-rotary,smartcity,SmartCiti.X~ Cutting Table and Rotary Knife VR,Sewing & Garment Trades,sewing-garment-trades,13,select; drag; gauge; track; sequence; turn; find,4,2,5,96,100,135
cv-difficult-conversation-across-difference,smartcity,SmartCiti.X~ Difficult Conversation Across Difference VR,Community Environmental Justice,civic-leadership-and-ei,14,select; gauge; find; sequence; hold; turn; track; drag,4,2,7,97,100,207
cv-grant-application-and-nonprofit-compliance,smartcity,SmartCiti.X~ Grant Application and Nonprofit Compliance VR,Community Environmental Justice,civic-leadership-and-ei,14,find; select; sequence; gauge; drag; hold; turn; track,4,2,8,98,100,187
cv-neighborhood-emergency-block-captain,smartcity,SmartCiti.X~ Neighborhood Emergency Block Captain VR,Community Environmental Justice,civic-leadership-and-ei,14,find; select; sequence; turn; drag; hold; gauge; track,4,2,6,99,100,238
cv-open-meeting-law-and-agenda-notice,smartcity,SmartCiti.X~ Open Meeting Law and Agenda Notice VR,Community Environmental Justice,civic-leadership-and-ei,14,find; gauge; drag; select; turn; hold; sequence; track,4,2,8,97,100,276
cv-restorative-justice-circle-facilitation,smartcity,SmartCiti.X~ Restorative Justice Circle VR,Community Environmental Justice,civic-leadership-and-ei,14,find; select; turn; sequence; hold; gauge; track; drag,4,2,7,97,100,238
cv-voter-registration-drive-and-nonpartisan-conduct,smartcity,SmartCiti.X~ Voter Registration Drive VR,Community Environmental Justice,civic-leadership-and-ei,14,find; drag; select; sequence; hold; gauge; turn; track,4,2,7,98,100,198
damage-assessment-team,smartcity,SmartCiti.X~ Damage Assessment Team VR,Emergency Services,first-responders,14,select; sequence; find; hold; gauge; track,4,2,7,97,100,178
data-hall,smartcity,SmartCiti.X~ Data Hall VR,Connectivity & Telecom,situational-awareness,12,select; sequence; gauge; drag; hold; turn; find,4,2,3,95,100,278
debt-reduction-plan,smartcity,SmartCiti.X~ Debt Reduction Plan VR,Community Environmental Justice,job-readiness-edition; wojrc-pathway-edition,12,select; find; gauge; hold; drag; sequence; turn; track,4,2,5,96,100,189
deck-joint-replacement,smartcity,SmartCiti.X~ Deck Joint Replacement VR,Construction & Structural Trades,bridge-and-structural,13,select; sequence; track; drag; find; turn; gauge; hold,4,2,5,98,100,176
decon-line,smartcity,SmartCiti.X~ Decon Line VR,Emergency Services,hazmat-environmental; hunters-point-bay-restoration; outbreak-response-who,11,select; sequence; drag; turn; track; gauge; find,4,2,3,96,100,142
decon-support-laborer,smartcity,SmartCiti.X~ Decon Support Laborer VR,Community Environmental Justice,hunters-point-can-we-live,12,select; sequence; find; turn; gauge; hold; track; drag,4,2,5,95,80,166
dental-careers-pathway,smartcity,SmartCiti.X~ Dental Careers Pathway VR,Dental & Oral Health,dental-careers-unspoken-smiles,15,select; sequence; hold; find; turn; drag; gauge; track,4,2,7,96,86,228
dental-lab-bench,smartcity,SmartCiti.X~ Dental Laboratory Bench VR,Dental & Oral Health,dental-careers-unspoken-smiles,15,select; hold; gauge; track; turn; drag; sequence; find,4,2,9,93,72,230
dental-radiography-fmx,smartcity,SmartCiti.X~ Full-Mouth Radiographic Series VR,Dental & Oral Health,dental-careers-unspoken-smiles,15,sequence; select; drag; gauge; turn; hold; track; find,4,2,6,92,67,223
denture-delivery-and-adjustment,smartcity,SmartCiti.X~ Denture Delivery & Adjustment VR,Dental & Oral Health,dental-careers-unspoken-smiles,15,select; find; hold; sequence; gauge; track; turn; drag,4,2,8,97,100,220
digester-gas,smartcity,SmartCiti.X~ Digester Gas VR,Water & Environmental,situational-awareness,14,select; sequence; drag; hold; gauge; turn; find,4,2,6,92,100,227
discharge-photo-doc,smartcity,SmartCiti.X~ Discharge Photo Doc VR,Community Environmental Justice,hunters-point-can-we-live,12,select; sequence; gauge; hold; drag; find,4,2,4,97,100,177
dish-pit,smartcity,SmartCiti.X~ Dish Pit VR,Culinary & Hospitality,culinary-kitchen,13,select; find; sequence; gauge; hold; drag,4,2,8,94,88,167
dn-dental-coding-billing-and-preauthorisation,smartcity,"SmartCiti.X~ Dental Coding, Billing & Pre-authorisation VR",Dental & Oral Health,dental-careers-unspoken-smiles,14,sequence; find; select; gauge; drag; hold; track; turn,4,2,8,98,100,184
dn-dental-trauma-and-avulsed-tooth-response,smartcity,SmartCiti.X~ Dental Trauma & Avulsed Tooth Response VR,Dental & Oral Health,dental-careers-unspoken-smiles,14,sequence; select; find; gauge; turn; drag; hold; track,4,2,10,98,100,184
dn-digital-intraoral-scanning-and-cad-cam,smartcity,SmartCiti.X~ Digital Intraoral Scanning & CAD/CAM VR,Dental & Oral Health,dental-careers-unspoken-smiles,14,select; find; gauge; track; sequence; drag; turn; hold,4,2,10,98,100,182
dn-medical-history-and-medication-review,smartcity,SmartCiti.X~ Medical History & Medication Review VR,Dental & Oral Health,dental-hygiene-unspoken-smiles,13,turn; sequence; find; select; hold; track; drag; gauge,4,2,10,98,100,185
dn-oral-hygiene-instruction-and-motivational-interviewing,smartcity,SmartCiti.X~ Oral Hygiene Instruction & Motivational Interviewing VR,Dental & Oral Health,dental-hygiene-unspoken-smiles,14,turn; sequence; hold; find; gauge; select; drag; track,4,2,11,98,100,184
dn-public-health-dentistry-and-fluoridation-advocacy,smartcity,SmartCiti.X~ Public Health Dentistry & Fluoridation Advocacy VR,Dental & Oral Health,dental-hygiene-unspoken-smiles,14,find; sequence; gauge; select; hold; turn; track; drag,4,2,12,98,100,195
dock-crane,smartcity,SmartCiti.X~ Dock Crane VR,Maritime & Ports,port-operations; ports-maritime-ecology; rigging-lifting; situational-awareness,14,select; gauge; sequence; find; track; hold,4,2,3,95,100,182
draught-line-cleaning,smartcity,SmartCiti.X~ Draught Line Cleaning VR,Culinary & Hospitality,bartending-course,12,find; sequence; select; turn; hold; track; gauge,4,2,4,97,100,202
dredge-barge,smartcity,SmartCiti.X~ Dredge Barge VR,Maritime & Ports,hunters-point-bay-restoration,13,select; gauge; sequence; drag; find; turn; track; hold,4,2,6,94,83,216
drive-backing-serpentine-and-alley-dock,smartcity,SmartCiti.X~ Backing Serpentine and Alley Dock VR,Mobility & Transit,job-readiness-edition; wojrc-pathway-edition,13,select; sequence; drive; find; drag; turn; gauge; hold,4,2,9,96,100,281
drive-city-route-and-turns,smartcity,SmartCiti.X~ City Route and Turns VR,Mobility & Transit,job-readiness-edition; wojrc-pathway-edition,13,select; sequence; drive; find; gauge; hold; turn; track; drag,4,2,8,96,100,273
drive-freeway-merge-and-following-distance,smartcity,SmartCiti.X~ Freeway Merge and Following Distance VR,Mobility & Transit,job-readiness-edition; wojrc-pathway-edition,13,select; sequence; turn; drive; gauge; find; hold; track; drag,4,2,8,96,100,278
drive-light-vehicle-fleet-and-forklift-course,smartcity,SmartCiti.X~ Light Vehicle Fleet and Forklift Course VR,Mobility & Transit,job-readiness-edition; wojrc-pathway-edition,13,select; find; drive; hold; sequence; gauge; track; drag,4,2,7,97,100,210
drive-mountain-grade-and-engine-brake,smartcity,SmartCiti.X~ Mountain Grade and Engine Brake VR,Mobility & Transit,job-readiness-edition; wojrc-pathway-edition,13,select; sequence; drive; gauge; track; find; hold; turn,4,2,9,96,100,268
drive-night-fog-and-rail-crossing,smartcity,SmartCiti.X~ Night Fog and Rail Crossing VR,Mobility & Transit,job-readiness-edition; wojrc-pathway-edition,13,select; sequence; drive; turn; gauge; hold; find; track; drag,4,2,9,96,100,267
drum-sampling-and-overpack,smartcity,SmartCiti.X~ Drum Sampling & Overpack VR,Environmental Monitoring,hazmat-environmental,15,select; sequence; find; gauge; drag; turn; hold; track,4,2,8,97,100,249
dust-plan-review,smartcity,SmartCiti.X~ Dust Plan Review VR,Community Environmental Justice,hunters-point-can-we-live,15,select; drag; gauge; sequence; track; hold; find; turn,4,2,4,96,100,177
ed-boiler-room-filter-change-lockout,smartcity,SmartCiti.X~ Boiler Room & HVAC Filter Change with Lockout VR,Building Systems & Facilities,education-support-staff,13,select; gauge; find; sequence; hold; turn; drag; track,4,2,6,96,100,115
ed-bus-pretrip-and-loading-zone,smartcity,SmartCiti.X~ Bus Pre-Trip & Loading Zone VR,Mobility & Transit,education-support-staff,14,select; find; sequence; gauge; drive; hold; turn,4,2,6,97,100,171
ed-crossing-guard-intersection-control,smartcity,SmartCiti.X~ Crossing Guard Intersection Control VR,Mobility & Transit,education-support-staff,12,select; sequence; find; gauge; turn; hold; track; drag,4,2,4,98,100,191
ed-custodial-chemical-dilution-and-floor-machine,smartcity,SmartCiti.X~ Custodial Chemical Dilution & Floor Machine VR,Building Systems & Facilities,education-support-staff,14,select; sequence; gauge; hold; find; drag; turn; track,4,2,8,96,100,142
ed-kitchen-receiving-and-warewash-sanitizing,smartcity,SmartCiti.X~ Kitchen Receiving & Warewash Sanitizing VR,Culinary & Hospitality,education-support-staff,12,select; gauge; find; drag; sequence; turn; hold; track,4,2,7,97,100,119
ed-paraeducator-safe-lift-and-transfer,smartcity,SmartCiti.X~ Paraeducator Safe Lift & Transfer VR,Building Systems & Facilities,education-support-staff,12,select; sequence; hold; find; track; drag; turn,4,2,6,96,100,122
ed-playground-equipment-inspection,smartcity,SmartCiti.X~ Playground Equipment Inspection VR,Building Systems & Facilities,education-support-staff,13,select; find; gauge; turn; hold; track; drag; sequence,4,2,4,98,100,178
ed-science-lab-chemical-storage-and-eyewash,smartcity,SmartCiti.X~ Science Lab Chemical Storage & Eyewash Check VR,Building Systems & Facilities,education-support-staff,12,select; find; sequence; gauge; turn; track; drag; hold,4,2,6,95,100,123
eelgrass-transplant,smartcity,SmartCiti.X~ Eelgrass Transplant VR,Water & Environmental,hunters-point-bay-restoration,11,select; gauge; sequence; hold; track; turn; find,4,2,10,96,90,274
elevator-pit,smartcity,SmartCiti.X~ Elevator Pit VR,Building Systems & Facilities,situational-awareness; stationary-engineer,13,select; turn; gauge; find; hold; sequence,4,2,4,94,100,127
emergency-savings-and-predatory-lending,smartcity,SmartCiti.X~ Emergency Savings & Predatory Lending VR,Community Environmental Justice,job-readiness-edition; wojrc-pathway-edition,12,select; gauge; track; drag; find; hold; sequence; turn,4,2,5,96,100,191
endodontic-assisting,smartcity,SmartCiti.X~ Endodontic Assisting VR,Dental & Oral Health,dental-careers-unspoken-smiles,14,select; sequence; find; gauge; hold; turn; track; drag,4,2,11,98,100,206
et-ev-fleet-depot-charging-and-arc-flash,smartcity,SmartCiti.X~ EV Fleet Depot Charging & Arc Flash VR VR,Energy & Power,energy-transition,14,select; sequence; find; gauge; turn; drag; hold; track,4,2,5,95,100,147
ethics-and-conflict-of-interest,smartcity,SmartCiti.X~ Ethics and Conflict of Interest VR,Community Environmental Justice,civic-leadership-and-ei,13,find; select; gauge; drag; turn; sequence; hold; track,4,2,7,97,100,188
ev-extrication,smartcity,SmartCiti.X~ EV Extrication VR,Emergency Services,,15,select; drag; sequence; turn; hold; track; gauge; find,4,2,3,92,100,244
ew-car-top-inspection-station-and-ride,smartcity,SmartCiti.X~ Car Top Inspection Station and Ride VR,Building Systems & Facilities,elevator-constructors,14,select; gauge; find; turn; track; sequence,4,2,3,95,100,152
ew-door-operator-adjustment-and-gap,smartcity,SmartCiti.X~ Door Operator Adjustment and Gap VR,Building Systems & Facilities,elevator-constructors,13,select; turn; gauge; find; hold; sequence,4,2,3,95,100,140
ew-elevator-entrapment-and-rescue-with-fire-service,smartcity,SmartCiti.X~ Elevator Entrapment and Rescue with Fire Service VR,Building Systems & Facilities,elevator-constructors,15,select; find; gauge; turn; track; drag; sequence,4,2,3,95,100,168
ew-escalator-step-chain-and-comb-plate,smartcity,SmartCiti.X~ Escalator Step Chain and Comb Plate VR,Building Systems & Facilities,elevator-constructors,14,select; turn; gauge; find; drag; sequence,4,2,3,95,100,183
ew-hoistway-false-car-and-rail-setting,smartcity,SmartCiti.X~ Hoistway False Car and Rail Setting VR,Building Systems & Facilities,elevator-constructors,14,select; sequence; gauge; drag; turn; find; hold,4,2,5,96,100,159
ew-machine-room-lockout-and-brake-test,smartcity,SmartCiti.X~ Machine Room Lockout and Brake Test VR,Building Systems & Facilities,elevator-constructors,14,select; turn; gauge; find; hold; sequence,4,2,4,95,100,176
ew-pit-work-and-buffer-inspection,smartcity,SmartCiti.X~ Pit Work and Buffer Inspection VR,Building Systems & Facilities,elevator-constructors,13,select; turn; find; gauge; drag; sequence,4,2,4,95,100,139
ew-rope-inspection-and-sheave-wear,smartcity,SmartCiti.X~ Rope Inspection and Sheave Wear VR,Building Systems & Facilities,elevator-constructors,14,select; turn; gauge; find; drag; sequence,4,2,3,95,100,174
fenceline-dust-monitor,smartcity,SmartCiti.X~ Fenceline Dust Monitor VR,Community Environmental Justice,hunters-point-can-we-live,14,select; drag; gauge; sequence; turn; hold; track; find,4,2,4,95,100,211
fire-pump,smartcity,SmartCiti.X~ Fire Pump VR,Building Systems & Facilities,situational-awareness; stationary-engineer,12,select; gauge; sequence; turn; hold; find,4,2,3,97,100,114
firefighter-rehab-sector,smartcity,SmartCiti.X~ Firefighter Rehab Sector VR,Emergency Services,first-responders,14,select; gauge; sequence; turn; hold; find,4,2,5,96,100,276
first-period-evaluation,smartcity,SmartCiti.X~ First-Period Evaluation VR,Community Environmental Justice,job-readiness-edition; wojrc-pathway-edition,12,select; find; hold; gauge; turn; track; drag; sequence,4,2,6,98,100,190
flight-deck,smartcity,SmartCiti.X~ Flight Deck VR,Mobility & Transit,,14,select; sequence; find; drag; gauge; hold,4,2,5,92,60,146
fluoride-and-sealants,smartcity,SmartCiti.X~ Fluoride and Sealants VR,Dental & Oral Health,dental-hygiene-unspoken-smiles,15,select; gauge; sequence; track; hold; find,4,2,7,97,100,151
fly-system,smartcity,SmartCiti.X~ Fly System VR,Entertainment & Live Events,live-events; rigging-lifting,12,select; sequence; track; gauge; find,4,2,4,95,100,174
forklift-dock,smartcity,SmartCiti.X~ Forklift Dock VR,Manufacturing & Automation,job-readiness-edition; situational-awareness; transit-ramp; wojrc-pathway-edition,12,select; sequence; drag; gauge; track; find,4,2,4,91,100,217
formwork-shoring,smartcity,SmartCiti.X~ Formwork Shoring VR,Construction & Structural Trades,builders-trades,14,select; sequence; drag; turn; gauge; find; track,4,2,5,96,100,200
four-handed-dentistry,smartcity,SmartCiti.X~ Four-Handed Dentistry VR,Dental & Oral Health,dental-careers-unspoken-smiles,14,select; sequence; turn; gauge; hold; drag; track; find,4,2,7,97,100,264
fp-anchor-selection-and-rescue-plan,smartcity,SmartCiti.X~ Anchor Selection & Rescue Plan VR VR,Construction & Structural Trades,fall-protection,14,select; sequence; find; turn; track; gauge; drag; hold,4,2,5,96,100,170
front-office-treatment-coordination,smartcity,SmartCiti.X~ Front Office & Treatment Coordination VR,Dental & Oral Health,dental-careers-unspoken-smiles,14,find; turn; select; hold; drag; sequence; gauge; track,4,2,8,98,100,280
fryer-oil-change,smartcity,SmartCiti.X~ Fryer Oil Change VR,Culinary & Hospitality,culinary-kitchen,14,select; gauge; sequence; turn; hold; find; drag; track,4,2,7,94,86,121
garden-soil-screen,smartcity,SmartCiti.X~ Garden Soil Screen VR,Community Environmental Justice,hunters-point-can-we-live,12,select; sequence; hold; gauge; drag; find,4,2,4,95,75,158
garment-inspection-finish,smartcity,SmartCiti.X~ Garment Inspection & Finish VR,Sewing & Garment Trades,sewing-garment-trades,13,select; find; gauge; track; hold; drag; sequence,4,2,4,96,100,149
gas-leak-survey,smartcity,SmartCiti.X~ Gas Leak Survey VR,Energy & Power,,14,select; sequence; hold; find; gauge; drag; turn; track,4,2,5,98,100,263
gg-deck-lane-closure-and-traveller,smartcity,SmartCiti.X~ Deck Lane Closure & Traveller VR,Construction & Structural Trades,bay-area-union-edition,13,select; sequence; gauge; drag; hold; find; turn; track,4,2,7,97,100,219
gg-fog-and-wind-work-stop,smartcity,SmartCiti.X~ Fog & Wind Work Stop VR,Construction & Structural Trades,bay-area-union-edition,13,select; gauge; sequence; find; hold; drag; turn; track,4,2,8,97,100,184
gg-international-orange-recoat,smartcity,SmartCiti.X~ International Orange Recoat VR,Construction & Structural Trades,bay-area-union-edition,13,select; sequence; gauge; find; hold; turn; drag; track,4,2,7,98,100,203
gg-main-cable-band-inspection,smartcity,SmartCiti.X~ Main Cable Band Inspection VR,Construction & Structural Trades,bay-area-union-edition,13,select; sequence; find; gauge; hold; turn; track; drag,4,2,6,96,100,212
gg-paint-containment-on-the-deck,smartcity,SmartCiti.X~ Paint Containment on the Deck VR,Construction & Structural Trades,bay-area-union-edition,13,select; sequence; drag; find; turn; gauge; hold; track,4,2,7,97,100,193
gg-pile-driver-fender-repair,smartcity,SmartCiti.X~ Pile Driver Fender Repair VR,Construction & Structural Trades,bay-area-union-edition,13,select; sequence; find; gauge; turn; drag; hold; track,4,2,7,97,100,225
gg-suspender-rope-replacement,smartcity,SmartCiti.X~ Suspender Rope Replacement VR,Construction & Structural Trades,bay-area-union-edition,13,select; sequence; gauge; find; hold; turn; drag; track,4,2,9,96,100,222
gg-tower-climb-and-tie-off,smartcity,SmartCiti.X~ Tower Climb & Tie-Off VR,Construction & Structural Trades,bay-area-union-edition,13,select; sequence; find; gauge; track; hold; drag; turn,4,2,7,97,100,227
gk-bunker-renovation-and-drainage,smartcity,SmartCiti.X~ Bunker Renovation & Drainage VR,Grounds & Landscaping,grounds-and-landscaping,14,select; sequence; find; hold; turn; gauge; drag; track,4,2,6,93,100,99
gk-chainsaw-start-and-limbing-on-the-ground,smartcity,SmartCiti.X~ Chainsaw Start & Limbing on the Ground VR,Grounds & Landscaping,grounds-and-landscaping,14,sequence; select; find; turn; hold; track; drag; gauge,4,2,8,94,100,116
gk-greenhouse-nursery-chemical-storage-and-eyewash,smartcity,SmartCiti.X~ Greenhouse & Nursery Chemical Storage and Eyewash VR,Grounds & Landscaping,grounds-and-landscaping,14,select; sequence; find; turn; hold; gauge; drag; track,4,2,8,95,100,99
gk-greens-mowing-and-hole-changing,smartcity,SmartCiti.X~ Greens Mowing & Hole Changing VR,Grounds & Landscaping,grounds-and-landscaping,14,sequence; select; find; drive; turn; gauge; hold; drag,4,2,6,95,100,110
gk-hardscape-paver-base-and-compaction,smartcity,SmartCiti.X~ Hardscape Paver Base & Compaction VR,Grounds & Landscaping,grounds-and-landscaping,14,select; sequence; find; drag; turn; hold; gauge; track,4,2,7,93,100,109
gk-irrigation-controller-valve-box-and-backflow-check,smartcity,"SmartCiti.X~ Irrigation Controller, Valve Box & Backflow Check VR",Grounds & Landscaping,grounds-and-landscaping,14,select; sequence; find; turn; drag; gauge; hold; track,4,2,6,96,100,135
gk-pesticide-and-fertilizer-application-per-the-label,smartcity,SmartCiti.X~ Pesticide & Fertilizer Application VR,Grounds & Landscaping,grounds-and-landscaping,15,select; sequence; drag; turn; gauge; find; hold; track,4,2,7,94,100,116
gk-ride-on-mower-pre-start-and-slope-work,smartcity,SmartCiti.X~ Ride-On Mower Pre-Start & Slope Work VR,Grounds & Landscaping,grounds-and-landscaping,16,sequence; select; find; turn; drive; track; gauge; hold,4,2,7,94,100,139
gk-sports-field-line-marking-and-goal-anchoring,smartcity,SmartCiti.X~ Sports-Field Line Marking & Goal Anchoring VR,Grounds & Landscaping,grounds-and-landscaping,14,select; sequence; find; drag; drive; gauge; turn; hold,4,2,6,95,100,105
gk-storm-cleanup-chipper-and-traffic-control,smartcity,SmartCiti.X~ Storm Cleanup: Chipper & Traffic Control VR,Grounds & Landscaping,grounds-and-landscaping,13,select; sequence; find; turn; hold; track; drag; gauge,4,2,6,94,100,101
gk-string-trimmer-and-blower-ppe-and-bystander-zone,smartcity,SmartCiti.X~ Trimmer & Blower PPE and Bystander Zone VR,Grounds & Landscaping,grounds-and-landscaping,15,sequence; select; find; hold; drag; turn; track; gauge,4,2,7,95,100,151
gk-tree-work-pole-saw-and-drop-zone,smartcity,SmartCiti.X~ Tree Work: Pole Saw & Drop Zone VR,Grounds & Landscaping,grounds-and-landscaping,14,sequence; select; find; turn; gauge; drag; hold; track,4,2,6,94,100,128
gl-aluminium-panel-fabrication-and-brake,smartcity,SmartCiti.X~ Aluminium Panel Fabrication And Brake VR,Construction & Structural Trades,glaziers-and-architectural-metal,14,select; sequence; find; turn; drag; hold; track; gauge,4,2,5,96,100,146
gl-curtain-wall-unit-setting-from-the-floor,smartcity,SmartCiti.X~ Curtain Wall Unit Setting From The Floor VR,Construction & Structural Trades,glaziers-and-architectural-metal,15,select; gauge; sequence; find; drag; turn; hold; track,4,2,5,95,100,180
gl-glass-handling-cart-and-crane-vacuum-lifter,smartcity,SmartCiti.X~ Glass Handling Cart And Crane Vacuum Lifter VR,Construction & Structural Trades,glaziers-and-architectural-metal,14,select; gauge; sequence; find; turn; drag; hold,4,2,5,97,100,210
gl-shop-drawing-takeoff-and-field-measure,smartcity,SmartCiti.X~ Shop Drawing Takeoff And Field Measure VR,Construction & Structural Trades,glaziers-and-architectural-metal,14,select; gauge; sequence; find; turn; drag; hold; track,4,2,7,96,100,149
gl-skylight-glass-replacement-and-fall-protection,smartcity,SmartCiti.X~ Skylight Glass Replacement And Fall Protection VR,Construction & Structural Trades,glaziers-and-architectural-metal,15,select; gauge; sequence; find; turn; drag; hold; track,4,2,6,95,100,146
gl-storefront-frame-and-glass-set-with-cups,smartcity,SmartCiti.X~ Storefront Frame And Glass Set With Cups VR,Construction & Structural Trades,glaziers-and-architectural-metal,15,select; gauge; sequence; find; drag; hold; turn; track,4,2,5,96,100,173
gl-swing-stage-glazing-and-sealant,smartcity,SmartCiti.X~ Swing Stage Glazing And Sealant VR,Construction & Structural Trades,glaziers-and-architectural-metal,15,select; gauge; sequence; find; track; hold; turn; drag,4,2,8,95,100,156
gl-tempered-glass-breakage-and-cleanup,smartcity,SmartCiti.X~ Tempered Glass Breakage And Cleanup VR,Construction & Structural Trades,glaziers-and-architectural-metal,14,select; gauge; sequence; find; turn; drag; track; hold,4,2,5,95,100,152
gr-ammonia-leak-alarm-response-cold-plant,smartcity,"SmartCiti.X~ Ammonia Leak Alarm Response, Cold Plant VR",Culinary & Hospitality,grocery-and-meatpacking,13,select; drag; find; gauge; track; hold; turn; sequence,4,2,7,94,100,131
gr-checkstand-ergonomics-and-robbery-prevention,smartcity,SmartCiti.X~ Checkstand Ergonomics & Robbery Prevention VR,Culinary & Hospitality,grocery-and-meatpacking,14,select; turn; hold; track; find; sequence; drag; gauge,4,2,4,94,100,137
gr-deli-slicer-sanitation-and-allergen-line,smartcity,SmartCiti.X~ Deli Slicer Sanitation & Allergen Line VR,Culinary & Hospitality,grocery-and-meatpacking,14,select; sequence; track; hold; gauge; find; drag; turn,4,2,10,92,100,142
gr-meat-dept-band-saw-and-grinder-lockout,smartcity,SmartCiti.X~ Meat Dept Band Saw & Grinder Lockout VR,Culinary & Hospitality,grocery-and-meatpacking,15,select; sequence; gauge; drag; find; hold,4,2,7,94,100,167
gr-meatpacking-line-knife-work-and-ppe-rotation,smartcity,SmartCiti.X~ Meatpacking Line Knife Work & PPE Rotation VR,Culinary & Hospitality,grocery-and-meatpacking,14,select; sequence; hold; gauge; find; track; turn; drag,4,2,5,93,100,120
gr-night-stocking-baler-and-compactor-lockout,smartcity,SmartCiti.X~ Night Stocking Baler & Compactor Lockout VR,Culinary & Hospitality,grocery-and-meatpacking,15,select; sequence; gauge; track; find; drag; turn,4,2,5,92,100,149
gr-pharmacy-floral-chemical-handling-and-sds,smartcity,SmartCiti.X~ Pharmacy & Floral Chemical Handling and SDS VR,Culinary & Hospitality,grocery-and-meatpacking,14,select; sequence; drag; find; gauge; hold; track; turn,4,2,6,94,100,146
gr-produce-receiving-cold-chain-and-pallet-jack,smartcity,"SmartCiti.X~ Produce Receiving, Cold Chain & Pallet Jack VR",Culinary & Hospitality,grocery-and-meatpacking,14,select; gauge; sequence; find; drag; turn; drive,4,2,7,92,100,151
grain-bin,smartcity,SmartCiti.X~ Grain Bin VR,Manufacturing & Automation,,15,sequence; track; select; turn; gauge; hold; drag; find,6,2,4,95,100,210
grease-trap,smartcity,SmartCiti.X~ Grease Trap VR,Culinary & Hospitality,culinary-kitchen,14,select; sequence; hold; gauge; find; track; turn,4,2,6,95,83,160
grill-line-burns,smartcity,SmartCiti.X~ Grill Line Burns VR,Culinary & Hospitality,culinary-kitchen,13,select; find; gauge; drag; sequence; hold,4,2,5,94,80,151
haul-road-dust,smartcity,SmartCiti.X~ Haul Road Dust VR,Environmental Monitoring,hunters-point-bay-restoration,12,select; sequence; gauge; turn; track; drag; hold; find,4,2,5,93,80,199
haul-route-observation,smartcity,SmartCiti.X~ Haul Route Observation VR,Community Environmental Justice,hunters-point-can-we-live,13,select; sequence; find; gauge; drag; turn; track; hold,4,2,6,90,50,200
hazmat-container-inspection,smartcity,SmartCiti.X~ Hazmat Container Inspection VR,Maritime & Ports,ports-maritime-ecology,13,sequence; select; find; hold; track; gauge,4,2,4,93,75,168
hazmat-entry,smartcity,SmartCiti.X~ Hazmat Entry VR,Emergency Services,,14,select; sequence; hold; gauge; find; drag; track,4,2,4,97,100,225
hazwoper-site-orientation,smartcity,SmartCiti.X~ HAZWOPER Site Orientation VR,Community Environmental Justice,hunters-point-can-we-live,13,select; find; drag; turn; gauge; hold; track; sequence,4,2,5,98,100,174
hc-code-response-support-and-crash-cart-check,smartcity,SmartCiti.X~ Code Response Support & Crash Cart Check VR,Healthcare Support,healthcare-support,15,select; find; gauge; sequence; turn; hold; drag,4,2,5,96,100,157
hc-dietary-tray-line-and-allergy-flags,smartcity,SmartCiti.X~ Dietary Tray Line & Allergy Flags VR,Healthcare Support,healthcare-support,15,select; find; sequence; gauge; drag; hold; turn,4,2,6,97,100,154
hc-environmental-services-isolation-room-turnover,smartcity,SmartCiti.X~ Isolation Room Turnover VR,Healthcare Support,healthcare-support,13,select; find; gauge; sequence; drag; hold,4,2,5,97,100,187
hc-hazardous-drug-spill-kit-response,smartcity,SmartCiti.X~ Hazardous Drug Spill Kit Response VR,Healthcare Support,healthcare-support,14,select; sequence; gauge; find; track; drag; turn,4,2,6,96,100,158
hc-linen-and-regulated-waste-handling,smartcity,SmartCiti.X~ Linen & Regulated Waste Handling VR,Healthcare Support,healthcare-support,14,select; find; sequence; gauge; hold; drag; turn,4,2,5,97,100,157
hc-patient-transport-and-safe-handling,smartcity,SmartCiti.X~ Patient Transport & Safe Handling VR,Healthcare Support,healthcare-support,14,select; gauge; sequence; find; turn; hold,4,2,5,96,100,178
hc-sterile-processing-decontamination-and-assembly,smartcity,SmartCiti.X~ Sterile Processing Decon & Assembly VR,Healthcare Support,healthcare-support,15,select; sequence; find; hold; gauge; drag; turn,4,2,6,95,100,161
hc-workplace-violence-deescalation-at-the-desk,smartcity,SmartCiti.X~ Workplace Violence De-escalation at the Desk VR,Healthcare Support,healthcare-support,13,select; gauge; find; sequence; hold; drag; turn,4,2,5,95,100,163
hem-and-buttonhole,smartcity,SmartCiti.X~ Hem & Buttonhole VR,Sewing & Garment Trades,sewing-garment-trades,13,select; turn; track; gauge; hold; sequence; find,4,2,5,96,100,179
home-visit-safety,smartcity,SmartCiti.X~ Home Visit Safety VR,Emergency Services,first-responders,15,sequence; drag; select; find; turn; hold; track; gauge,5,2,8,96,100,219
hood-suppression,smartcity,SmartCiti.X~ Hood Suppression VR,Culinary & Hospitality,culinary-kitchen,12,select; track; sequence; find; hold; gauge; turn; drag,4,2,6,93,67,137
hot-tap,smartcity,SmartCiti.X~ Hot Tap VR,Water & Environmental,,15,select; find; drag; sequence; gauge; turn; track; hold,4,2,4,94,100,187
housekeeping-room-turn,smartcity,SmartCiti.X~ Housekeeping Room Turn VR,Culinary & Hospitality,hotel-workers,15,select; hold; sequence; track; drag; turn; find,4,2,5,96,100,171
hunters-point,smartcity,SmartCiti.X~ Hunters Point Briefing VR,Environmental Monitoring,hazmat-environmental; hunters-point-bay-restoration,10,select; sequence,4,0,3,73,67,0
hw-banquet-room-flip-and-staging,smartcity,SmartCiti.X~ Banquet Room Flip & Staging VR,Culinary & Hospitality,hotel-workers,14,select; sequence; drag; find; turn; track; hold; gauge,4,2,6,98,100,189
hw-flatwork-ironer-and-folder-guarding,smartcity,SmartCiti.X~ Flatwork Ironer & Folder Guarding VR,Culinary & Hospitality,hotel-workers,13,select; find; sequence; gauge; track; hold; drag; turn,4,2,7,98,100,179
hw-housekeeping-cart-and-chemical-safety,smartcity,SmartCiti.X~ Housekeeping Cart & Chemical Safety VR,Culinary & Hospitality,hotel-workers,14,select; turn; hold; sequence; gauge; find; track; drag,4,2,6,98,100,182
hz-decon-corridor-for-a-mass-casualty-drill,smartcity,SmartCiti.X~ Decon Corridor for a Mass-Casualty Drill VR VR,Emergency Services,hazmat-environmental,14,select; sequence; turn; find; track; gauge; drag,4,2,5,97,100,267
hz-drum-staging-and-compatibility-segregation,smartcity,SmartCiti.X~ Drum Staging & Compatibility Segregation VR VR,Environmental Monitoring,hazmat-environmental,15,select; sequence; find; drag; gauge; hold; track,4,2,5,96,100,236
hz-level-b-entry-and-scba-change-out,smartcity,SmartCiti.X~ Level B Entry & SCBA Change-Out VR,Environmental Monitoring,hazmat-environmental,15,select; drag; sequence; hold; gauge; find; turn; track,4,2,5,96,100,192
ib-asbestos-glovebag-removal-on-a-pipe,smartcity,SmartCiti.X~ Asbestos Glovebag Removal on a Pipe VR,Building Systems & Facilities,insulators-and-boilermakers,14,select; find; sequence; gauge; hold; drag; track,4,2,7,97,100,152
ib-boiler-tube-replacement-and-rolling,smartcity,SmartCiti.X~ Boiler Tube Replacement and Rolling VR,Building Systems & Facilities,insulators-and-boilermakers,14,select; gauge; find; sequence; hold; drag; turn; track,4,2,5,96,100,154
ib-firestop-and-fire-wrap-installation,smartcity,SmartCiti.X~ Firestop and Fire Wrap Installation VR,Building Systems & Facilities,insulators-and-boilermakers,14,select; gauge; find; sequence; hold; drag; turn; track,4,2,6,97,100,172
ib-hydrostatic-test-and-inspector-witness,smartcity,SmartCiti.X~ Hydrostatic Test and Inspector Witness VR,Building Systems & Facilities,insulators-and-boilermakers,15,select; sequence; drag; hold; track; gauge; find; turn,4,2,5,97,100,190
ib-mechanical-insulation-pipe-and-jacketing,smartcity,"SmartCiti.X~ Mechanical Insulation, Pipe and Jacketing VR",Building Systems & Facilities,insulators-and-boilermakers,13,select; gauge; find; sequence; hold; drag; turn; track,4,2,5,95,100,190
ib-pressure-vessel-confined-entry-and-hot-work,smartcity,SmartCiti.X~ Pressure Vessel Confined Entry and Hot Work VR,Building Systems & Facilities,insulators-and-boilermakers,14,select; gauge; sequence; find; hold; track,4,2,5,97,100,173
ib-refractory-and-castable-installation,smartcity,SmartCiti.X~ Refractory and Castable Installation VR,Building Systems & Facilities,insulators-and-boilermakers,15,select; find; sequence; turn; hold; gauge; track; drag,4,2,7,97,100,167
ib-spray-foam-and-respirator-fit,smartcity,SmartCiti.X~ Spray Foam and Respirator Fit VR,Building Systems & Facilities,insulators-and-boilermakers,14,select; sequence; hold; gauge; find; drag; turn; track,4,2,7,97,100,162
ice-well-breakage,smartcity,SmartCiti.X~ Ice Well Breakage VR,Culinary & Hospitality,bartending-course,13,find; select; sequence; hold; gauge; drag,4,2,7,93,71,192
id-check-underage,smartcity,SmartCiti.X~ Checking ID VR,Culinary & Hospitality,bartending-course,14,select; sequence; hold; drag; find,4,2,5,94,100,160
implant-surgery-assisting,smartcity,SmartCiti.X~ Implant Surgery Assisting VR,Dental & Oral Health,dental-careers-unspoken-smiles,14,select; find; sequence; gauge; hold; turn; track; drag,4,2,8,98,100,244
industrial-press-steam,smartcity,SmartCiti.X~ Industrial Press & Steam VR,Sewing & Garment Trades,sewing-garment-trades,12,select; gauge; turn; drag; hold; find; sequence,4,2,6,92,58,161
infection-control-audit,smartcity,SmartCiti.X~ Infection Control Audit VR,Dental & Oral Health,dental-careers-unspoken-smiles,14,select; find; sequence; turn; drag; track; hold; gauge,4,2,8,94,75,241
instrument-reprocessing,smartcity,SmartCiti.X~ Instrument Reprocessing VR,Dental & Oral Health,dental-hygiene-unspoken-smiles,14,select; hold; find; sequence; drag; gauge,4,2,5,95,100,169
isco-injection,smartcity,SmartCiti.X~ ISCO Injection VR,Water & Environmental,hunters-point-bay-restoration,14,select; sequence; track; drag; gauge; turn; hold; find,4,2,1,95,100,191
jigger-pour-spec,smartcity,SmartCiti.X~ Pouring to Spec VR,Culinary & Hospitality,bartending-course,12,select; gauge; hold; turn; track; sequence; find,4,2,8,94,88,154
jobsite-orientation-and-osha-10,smartcity,SmartCiti.X~ Jobsite Orientation & OSHA 10 VR,Community Environmental Justice,job-readiness-edition; wojrc-pathway-edition,12,select; hold; find; gauge; sequence; drag; turn; track,4,2,11,98,100,231
keg-cellar-co2,smartcity,SmartCiti.X~ Keg Cellar CO2 VR,Culinary & Hospitality,bartending-course,12,gauge; sequence; turn; hold; drag; select; find,4,2,6,92,50,202
kitchen-gas-shutoff,smartcity,SmartCiti.X~ Kitchen Gas Shutoff VR,Culinary & Hospitality,culinary-kitchen,13,select; find; drag; sequence; turn; gauge; hold; track,4,2,5,95,80,153
knife-skills,smartcity,SmartCiti.X~ Knife Skills VR,Culinary & Hospitality,culinary-kitchen,13,select; drag; track; gauge; sequence; hold; find,4,2,8,95,88,159
landfill-gas,smartcity,SmartCiti.X~ Landfill Gas VR,Environmental Monitoring,air-quality-monitoring,13,select; turn; gauge; track; find,4,2,6,92,100,170
last-call-lockup,smartcity,SmartCiti.X~ Last Call & Lockup VR,Culinary & Hospitality,bartending-course,14,select; track; turn; find; hold; drag; sequence,4,2,5,96,100,169
laundry-plant-chemicals,smartcity,SmartCiti.X~ Laundry Plant Chemicals VR,Culinary & Hospitality,hotel-workers,13,select; find; gauge; sequence; turn; hold; track; drag,4,2,6,96,100,162
le-crowd-barricade-and-show-stop-call,smartcity,SmartCiti.X~ Crowd Barricade & Show-Stop Call VR,Entertainment & Live Events,live-events,13,select; sequence; find; drag; turn; gauge; hold; track,4,2,5,97,100,271
le-followspot-and-truss-access-at-height,smartcity,SmartCiti.X~ Followspot & Truss Access at Height VR,Entertainment & Live Events,live-events,12,select; sequence; find; hold; turn; gauge; track; drag,4,2,6,97,100,235
leading-edge-and-horizontal-lifeline,smartcity,SmartCiti.X~ Leading Edge & Horizontal Lifeline VR,Construction & Structural Trades,fall-protection,15,select; sequence; find; turn; drag; track; gauge; hold,4,2,6,97,100,210
lift-station,smartcity,SmartCiti.X~ Lift Station VR,Water & Environmental,confined-space,10,select; sequence; turn; gauge; hold; drag; find,4,2,4,97,100,155
line-truck,smartcity,SmartCiti.X~ Line Truck VR,Energy & Power,electrical-first-period,16,select; drag; find; gauge; turn; sequence; hold,4,2,3,95,100,131
living-shoreline,smartcity,SmartCiti.X~ Living Shoreline VR,Water & Environmental,hunters-point-bay-restoration,14,select; sequence; find; drag; turn; gauge; track; hold,4,2,8,95,88,198
lockstitch-seam-guard,smartcity,SmartCiti.X~ Lockstitch Seam Behind the Guard VR,Sewing & Garment Trades,sewing-garment-trades,13,select; drag; turn; hold; track; sequence; find,4,2,4,94,100,144
machine-threading-needle,smartcity,SmartCiti.X~ Machine Threading and Needle VR,Sewing & Garment Trades,sewing-garment-trades,14,select; drag; sequence; hold; turn; gauge; find,4,2,4,96,100,154
manhole-entry-and-atmospheric-monitoring,smartcity,SmartCiti.X~ Manhole Entry & Atmospheric Monitoring VR,Water & Environmental,confined-space,15,sequence; select; gauge; drag; hold; find; turn; track,4,2,8,96,100,216
marsh-transect-survey,smartcity,SmartCiti.X~ Marsh Transect Survey VR,Environmental Monitoring,hunters-point-bay-restoration,13,select; sequence; find; turn; drag; gauge; hold; track,4,2,8,96,88,250
masonry-silica-scaffold,smartcity,SmartCiti.X~ Masonry Silica Scaffold VR,Construction & Structural Trades,builders-trades,14,select; find; sequence; turn; gauge; track; drag; hold,4,2,4,94,100,223
mass-timber-panel-set,smartcity,SmartCiti.X~ Mass Timber Panel Set VR,Construction & Structural Trades,builders-trades,14,select; find; sequence; track; drag; gauge; hold,4,2,7,95,100,183
mast-climber,smartcity,SmartCiti.X~ Mast Climber VR,Construction & Structural Trades,,14,select; find; drag; sequence; hold; gauge; track,4,2,5,92,100,261
md-camera-dolly-and-crane-track,smartcity,SmartCiti.X~ Camera Dolly & Crane Track VR,Entertainment & Live Events,screen-and-media-crafts,13,select; sequence; find; gauge; turn; hold; track; drag,4,2,4,97,100,170
md-intimacy-and-conduct-coordination-briefing,smartcity,SmartCiti.X~ Intimacy & Conduct Coordination Briefing VR,Entertainment & Live Events,screen-and-media-crafts,13,select; gauge; find; drag; turn; sequence; hold; track,4,2,,,,224
md-location-shoot-traffic-control-and-heat-hydration,smartcity,SmartCiti.X~ Location Shoot Traffic Control & Heat/Hydration VR,Entertainment & Live Events,screen-and-media-crafts,13,select; sequence; find; gauge; turn; hold; track; drive; drag,4,2,5,97,100,250
md-newsroom-storm-scene-and-live-truck-mast,smartcity,SmartCiti.X~ Newsroom Storm Scene & Live Truck Mast VR,Entertainment & Live Events,screen-and-media-crafts,13,select; sequence; find; gauge; turn; hold; track; drag,4,2,5,98,100,194
md-recording-studio-hearing-conservation-and-load-in,smartcity,SmartCiti.X~ Recording Studio Hearing Conservation & Load-In VR,Entertainment & Live Events,screen-and-media-crafts,13,select; sequence; find; gauge; turn; hold; track; drag,4,2,5,96,100,154
md-set-safety-meeting-and-stunt-go-no-go,smartcity,SmartCiti.X~ Set Safety Meeting & Stunt Go/No-Go VR,Entertainment & Live Events,screen-and-media-crafts,13,select; sequence; find; gauge; turn; hold; track; drag,4,2,5,96,100,226
md-sound-stage-electrical-distribution-and-cable-crossings,smartcity,SmartCiti.X~ Sound Stage Electrical Distribution & Cable Crossings VR,Entertainment & Live Events,screen-and-media-crafts,14,select; sequence; find; turn; hold; gauge; track; drag,4,2,5,96,100,154
md-theatre-fly-floor-and-quick-change-lane,smartcity,SmartCiti.X~ Theatre Fly Floor & Quick-Change Lane VR,Entertainment & Live Events,screen-and-media-crafts,13,select; sequence; find; gauge; turn; hold; track; drag,4,2,5,97,100,165
me-eelgrass-seed-collection-and-nursery,smartcity,SmartCiti.X~ Eelgrass Seed Collection & Nursery VR,Water & Environmental,marine-ecology-and-restoration,13,select; gauge; sequence; drag; track; find; turn; hold,4,2,9,98,100,269
me-fish-visual-census-and-data-sheet,smartcity,SmartCiti.X~ Fish Visual Census & Data Sheet VR,Water & Environmental,marine-ecology-and-restoration,13,select; sequence; gauge; drag; turn; track; find; hold,4,2,9,96,100,172
me-invasive-species-identification-and-reporting,smartcity,SmartCiti.X~ Invasive Species Identification & Reporting VR,Water & Environmental,marine-ecology-and-restoration,12,select; sequence; track; gauge; drag; hold; find; turn,4,2,8,98,100,191
me-kelp-transect-survey-and-photo-quadrats,smartcity,SmartCiti.X~ Kelp Transect Survey & Photo Quadrats VR,Water & Environmental,marine-ecology-and-restoration,13,select; sequence; gauge; turn; drag; track; find; hold,4,2,9,96,100,274
me-oyster-reef-monitoring-and-settlement-tiles,smartcity,SmartCiti.X~ Oyster Reef Monitoring & Settlement Tiles VR,Water & Environmental,marine-ecology-and-restoration,13,select; sequence; gauge; track; drag; find; hold; turn,4,2,9,97,100,276
me-shoreline-debris-and-microplastics-survey,smartcity,SmartCiti.X~ Shoreline Debris & Microplastics Survey VR,Water & Environmental,marine-ecology-and-restoration,12,select; sequence; gauge; track; find; turn; hold; drag,4,2,11,98,100,215
me-tidal-marsh-channel-restoration-day,smartcity,SmartCiti.X~ Tidal Marsh Channel Restoration Day VR,Water & Environmental,marine-ecology-and-restoration,12,select; sequence; gauge; track; drag; turn; find; hold,4,2,9,97,100,259
me-water-column-sampling-from-a-small-boat,smartcity,SmartCiti.X~ Water Column Sampling From A Small Boat VR,Water & Environmental,marine-ecology-and-restoration,13,select; sequence; gauge; drag; turn; hold; track; find,4,2,9,98,100,202
mentorship-and-succession,smartcity,SmartCiti.X~ Mentorship and Succession VR,Community Environmental Justice,civic-leadership-and-ei,13,find; select; sequence; gauge; hold; drag; turn; track,4,2,7,97,100,204
met-station-siting,smartcity,SmartCiti.X~ Met Station Siting VR,Community Environmental Justice,hunters-point-can-we-live,14,select; find; drag; hold; sequence; turn; gauge; track,4,2,4,96,100,180
microwave-backhaul,smartcity,SmartCiti.X~ Microwave Backhaul VR,Connectivity & Telecom,fall-protection,11,select; sequence; find; turn; track; gauge,4,2,5,97,100,152
ml-delivery-van-pretrip-and-route-loading,smartcity,SmartCiti.X~ Delivery Van Pre-Trip & Route Loading VR,Mobility & Transit,postal-and-mail-processing,12,sequence; select; find; gauge; drag; turn; drive,4,2,5,97,100,163
ml-dog-and-hazard-awareness-on-route,smartcity,SmartCiti.X~ Dog & Hazard Awareness on Route VR,Mobility & Transit,postal-and-mail-processing,13,sequence; select; find; hold; drag; track; turn; drive,4,2,5,96,100,119
ml-flat-sorter-guarding-and-lockout,smartcity,SmartCiti.X~ Flat Sorter Guarding & Lockout VR,Manufacturing & Automation,postal-and-mail-processing,13,sequence; select; find; gauge; turn; drag; hold; track,4,2,5,95,100,152
ml-heat-and-cold-stress-on-route,smartcity,SmartCiti.X~ Heat & Cold Stress on Route VR,Mobility & Transit,postal-and-mail-processing,14,sequence; select; find; turn; drag; gauge; hold; track,4,2,5,96,100,116
ml-mail-handler-forklift-and-container-dock,smartcity,SmartCiti.X~ Mail Handler Forklift & Container Dock VR,Manufacturing & Automation,postal-and-mail-processing,12,sequence; select; find; gauge; turn; drag; hold,4,2,4,97,100,222
ml-parcel-sorter-conveyor-jam-and-loto,smartcity,SmartCiti.X~ Parcel Sorter Conveyor Jam & LOTO VR,Manufacturing & Automation,postal-and-mail-processing,14,sequence; select; find; gauge; turn; drag; hold; track,4,2,5,95,100,156
mm-coke-oven-heat-rotation,smartcity,SmartCiti.X~ Coke Oven Heat Rotation VR,Manufacturing & Automation,mill-and-mine,13,select; sequence; find; drag; turn; track; hold; gauge,4,2,4,97,100,154
mm-continuous-miner-face,smartcity,SmartCiti.X~ Continuous Miner Face VR,Manufacturing & Automation,mill-and-mine,14,select; find; sequence; gauge; drag; track; hold,4,2,3,93,100,153
mm-conveyor-fire-and-gas-monitoring,smartcity,SmartCiti.X~ Conveyor Belt Fire & Gas Monitoring VR,Manufacturing & Automation,mill-and-mine,13,select; find; drag; turn; hold; gauge; sequence; track,4,2,3,96,100,112
mm-haul-truck-berm,smartcity,SmartCiti.X~ Haul Truck Berm & Dump Point VR,Manufacturing & Automation,mill-and-mine,12,find; select; drive; track; turn; hold,4,2,3,94,100,164
mm-hot-strip-mill-stand,smartcity,SmartCiti.X~ Hot-Strip Mill Stand VR,Manufacturing & Automation,mill-and-mine,15,select; sequence; hold; turn; drag; track; find; gauge,4,2,4,95,100,172
mm-ladle-pour,smartcity,SmartCiti.X~ Ladle Pour VR,Manufacturing & Automation,mill-and-mine,14,select; sequence; find; drag; hold; turn; track; gauge,4,2,5,96,100,142
mm-mine-escapeway-drill,smartcity,SmartCiti.X~ Mine Escapeway & Self-Rescuer Drill VR,Manufacturing & Automation,mill-and-mine,12,select; sequence; find; track; gauge; hold; turn; drag,4,2,3,96,100,94
mm-paper-machine-dryer,smartcity,SmartCiti.X~ Paper Machine Dryer Section VR,Manufacturing & Automation,mill-and-mine,14,select; sequence; hold; gauge; find; drag; turn; track,4,2,4,94,100,121
mobile-air-lab,smartcity,SmartCiti.X~ Mobile Air Lab VR,Environmental Monitoring,air-quality-monitoring,14,select; sequence; turn; gauge; hold; track; find,4,2,4,96,100,197
mobile-dental-outreach,smartcity,SmartCiti.X~ Mobile Dental Outreach VR,Dental & Oral Health,dental-hygiene-unspoken-smiles,15,select; drag; gauge; sequence; find; hold; turn,4,2,7,97,100,183
mooring-line,smartcity,SmartCiti.X~ Mooring Line VR,Maritime & Ports,bay-area-union-edition; port-operations; ports-maritime-ecology,10,select; sequence; track; drag; gauge; hold; find,4,2,6,92,83,102
motor-control-center,smartcity,SmartCiti.X~ Motor Control Center VR,Energy & Power,electrical-first-period,14,select; sequence; turn; hold; gauge; find,4,2,4,96,100,180
mw-dive-supervisor-and-dive-plan,smartcity,SmartCiti.X~ Dive Supervisor & Dive Plan VR,Maritime & Ports,bay-area-union-edition,13,select; sequence; find; turn; gauge; drag; hold; track,4,2,6,96,100,218
mw-diver-emergency-and-recovery,smartcity,SmartCiti.X~ Diver Emergency & Recovery VR,Maritime & Ports,bay-area-union-edition,13,select; hold; turn; gauge; find; drag; track; sequence,4,2,6,96,100,186
mw-ferry-deckhand-and-passenger-safety,smartcity,SmartCiti.X~ Ferry Deckhand & Passenger Safety VR,Maritime & Ports,bay-area-union-edition,13,select; sequence; find; drag; hold; gauge; turn; track,4,2,6,97,100,242
mw-hull-inspection-and-cleaning-dive,smartcity,SmartCiti.X~ Hull Inspection & Cleaning Dive VR,Maritime & Ports,bay-area-union-edition,13,select; hold; find; gauge; drag; turn; track; sequence,4,2,6,96,100,203
mw-oil-transfer-watch-and-boom,smartcity,SmartCiti.X~ Oil Transfer Watch & Boom VR,Maritime & Ports,bay-area-union-edition,13,select; gauge; drag; find; turn; hold; track; sequence,4,2,6,97,100,218
mw-pier-pile-inspection-dive,smartcity,SmartCiti.X~ Pier Pile Inspection Dive VR,Maritime & Ports,bay-area-union-edition,13,select; hold; drag; find; gauge; turn; track; sequence,4,2,5,96,100,188
mw-underwater-welding-and-cutting,smartcity,SmartCiti.X~ Underwater Welding & Cutting VR,Maritime & Ports,bay-area-union-edition,14,select; hold; drag; find; sequence; gauge; track; turn,4,2,6,97,100,182
mw-workboat-towing-and-line-handling,smartcity,SmartCiti.X~ Workboat Towing & Line Handling VR,Maritime & Ports,bay-area-union-edition,13,select; sequence; find; turn; hold; drag; gauge; track,4,2,6,97,100,187
nitrous-oxide-monitoring,smartcity,SmartCiti.X~ Nitrous Oxide Monitoring VR,Dental & Oral Health,dental-hygiene-unspoken-smiles,13,select; find; sequence; drag; gauge; hold; turn,4,2,4,97,100,155
odor-complaint-log,smartcity,SmartCiti.X~ Pollution Patrol VR,Community Environmental Justice,hunters-point-can-we-live,12,select; sequence; turn; gauge; hold; find; drag,4,2,2,90,50,246
op-compactor-lift-thickness-and-edge,smartcity,SmartCiti.X~ Compactor Lift Thickness & Edge VR,Construction & Structural Trades,heavy-equipment-operators,14,sequence; select; find; turn; drag; hold; track; gauge,4,2,6,95,100,171
op-crawler-crane-assembly-and-load-chart,smartcity,SmartCiti.X~ Crawler Crane Assembly & Load Chart VR,Construction & Structural Trades,heavy-equipment-operators,14,sequence; select; find; turn; drag; gauge; hold; track,4,2,6,95,100,265
op-dozer-slope-work-and-rollover-protection,smartcity,SmartCiti.X~ Dozer Slope Work & Rollover Protection VR,Construction & Structural Trades,heavy-equipment-operators,15,sequence; select; find; drag; turn; hold; track; gauge,4,2,6,94,100,210
op-equipment-daily-walkaround-and-fluids,smartcity,SmartCiti.X~ Equipment Daily Walkaround & Fluids VR,Construction & Structural Trades,heavy-equipment-operators,14,sequence; select; find; gauge; drag; turn; hold; track,4,2,6,95,100,176
op-excavator-trench-and-utility-locate,smartcity,SmartCiti.X~ Excavator Trench & Utility Locate VR,Construction & Structural Trades,heavy-equipment-operators,14,sequence; select; find; gauge; turn; drag; hold; track,4,2,6,95,100,255
op-grader-fine-grade-and-crown,smartcity,SmartCiti.X~ Grader Fine Grade & Crown VR,Construction & Structural Trades,heavy-equipment-operators,14,sequence; select; find; turn; drag; gauge; hold; track,4,2,6,95,100,203
op-loader-truck-loading-and-blind-spots,smartcity,SmartCiti.X~ Loader Truck Loading & Blind Spots VR,Construction & Structural Trades,heavy-equipment-operators,14,sequence; find; select; drag; gauge; turn; hold; track,4,2,6,95,100,251
op-pile-driving-rig-and-lead-setup,smartcity,SmartCiti.X~ Pile Driving Rig & Lead Setup VR,Construction & Structural Trades,heavy-equipment-operators,14,sequence; select; find; turn; drag; gauge; hold; track,4,2,6,95,100,190
opacity-reading,smartcity,SmartCiti.X~ Opacity Reading VR,Environmental Monitoring,air-quality-monitoring,12,select; turn; gauge; drag; find; track; hold; sequence,4,2,6,98,100,164
operatory-turnover,smartcity,SmartCiti.X~ Operatory Turnover VR,Dental & Oral Health,dental-hygiene-unspoken-smiles,13,sequence; find; select; track; hold; drag,4,2,5,97,100,166
or-ranch-road-grading-and-culvert,smartcity,SmartCiti.X~ Ranch Road Grading & Culvert VR,Construction & Structural Trades,builders-trades,14,select; sequence; find; turn; hold; gauge; drag; track,4,2,5,96,100,187
or-solar-farm-tracker-row-maintenance,smartcity,SmartCiti.X~ Solar Tracker Row Maintenance VR,Energy & Power,energy-transition,14,select; sequence; find; gauge; turn; drag; hold; track,4,2,5,96,100,169
or-transmission-line-right-of-way-patrol,smartcity,SmartCiti.X~ Transmission Line ROW Patrol VR,Energy & Power,energy-transition,14,select; sequence; find; gauge; track; drag,4,2,5,98,100,186
or-wildland-fireline-construction-and-lookout,smartcity,SmartCiti.X~ Wildland Fireline Construction VR,Emergency Services,first-responders,14,select; sequence; find; gauge; drag; hold; turn,4,2,5,96,100,164
oral-cancer-screening,smartcity,SmartCiti.X~ Oral Cancer Screening VR,Dental & Oral Health,dental-hygiene-unspoken-smiles,13,select; turn; sequence; hold; track; find; gauge,4,2,5,98,100,165
oral-surgery-assisting,smartcity,SmartCiti.X~ Oral Surgery Assisting VR,Dental & Oral Health,dental-careers-unspoken-smiles,14,find; hold; sequence; gauge; track; drag; turn; select,4,2,6,98,100,268
orthodontic-assisting,smartcity,SmartCiti.X~ Orthodontic Assisting VR,Dental & Oral Health,dental-careers-unspoken-smiles,14,select; sequence; drag; find; track; hold; gauge; turn,4,2,7,98,100,274
overdose-response-naloxone,smartcity,SmartCiti.X~ Overdose Response — Naloxone VR,Emergency Services,first-responders,14,find; hold; track; select; gauge; turn; drag; sequence,4,2,5,94,80,161
oyster-reef-monitoring,smartcity,SmartCiti.X~ Oyster Reef Monitoring VR,Water & Environmental,hunters-point-bay-restoration,13,select; sequence; find; hold; drag; turn; track; gauge,4,2,8,96,88,250
parcel-status-walk,smartcity,SmartCiti.X~ Parcel Status Walk VR,Community Environmental Justice,hunters-point-can-we-live,13,sequence; select; turn; gauge; track; find; drag; hold,4,2,4,93,75,193
patient-intake-screening,smartcity,SmartCiti.X~ Patient Intake Screening VR,Dental & Oral Health,dental-careers-unspoken-smiles; dental-hygiene-unspoken-smiles,13,select; find; turn; drag; gauge; sequence; hold,4,2,7,97,100,139
patron-deescalation,smartcity,SmartCiti.X~ Patron De-escalation VR,Culinary & Hospitality,bartending-course,13,find; hold; turn; select; sequence; gauge; track; drag,4,2,4,94,100,186
pattern-marking-layout,smartcity,SmartCiti.X~ Pattern Marking & Layout VR,Sewing & Garment Trades,sewing-garment-trades,12,select; turn; drag; track; find; gauge; sequence,4,2,3,98,100,205
pay-stub-and-withholding,smartcity,SmartCiti.X~ Pay Stub & Withholding VR,Community Environmental Justice,job-readiness-edition; wojrc-pathway-edition,13,select; find; gauge; drag; sequence; hold; turn; track,4,2,5,97,100,185
pcb-equipment-removal,smartcity,SmartCiti.X~ PCB Equipment Removal VR,Energy & Power,hunters-point-bay-restoration,15,sequence; gauge; find; turn; select; drag; track; hold,4,2,8,97,100,218
pediatric-visit,smartcity,SmartCiti.X~ Pediatric Visit VR,Dental & Oral Health,dental-hygiene-unspoken-smiles,13,select; drag; sequence; find; gauge; track; hold; turn,4,2,5,98,100,163
periodontal-charting,smartcity,SmartCiti.X~ Periodontal Charting VR,Dental & Oral Health,dental-hygiene-unspoken-smiles,13,turn; select; drag; track; sequence; gauge; hold; find,4,2,5,97,100,135
pilot-transfer,smartcity,SmartCiti.X~ Pilot Transfer VR,Maritime & Ports,ports-maritime-ecology,15,select; find; sequence; drag; turn; track; hold; gauge,4,2,5,92,80,254
pl-copper-press-and-solder-rough-in,smartcity,SmartCiti.X~ Copper Press & Solder Rough-In VR,Building Systems & Facilities,plumbers-and-pipefitters,14,select; sequence; find; hold; drag; gauge; track; turn,4,2,5,97,100,161
pl-fire-sprinkler-riser-and-flow-test,smartcity,SmartCiti.X~ Fire Sprinkler Riser & Flow Test VR,Building Systems & Facilities,plumbers-and-pipefitters,14,select; sequence; find; gauge; hold; drag; turn; track,4,2,5,97,100,163
pl-hydronic-boiler-piping-and-hydrotest,smartcity,SmartCiti.X~ Hydronic Boiler Piping & Hydrotest VR,Building Systems & Facilities,plumbers-and-pipefitters,13,select; sequence; find; drag; hold; gauge; track; turn,4,2,5,96,100,154
pl-medical-gas-brazing-and-purge,smartcity,SmartCiti.X~ Medical Gas Brazing & Purge VR,Building Systems & Facilities,plumbers-and-pipefitters,13,select; sequence; find; drag; turn; hold; gauge; track,4,2,5,96,100,164
pl-natural-gas-pressure-test-and-leak-check,smartcity,SmartCiti.X~ Natural Gas Pressure Test & Leak Check VR,Building Systems & Facilities,plumbers-and-pipefitters,14,select; sequence; find; gauge; track; hold; turn,4,2,5,97,100,154
pl-steam-trap-and-condensate-line-repair,smartcity,SmartCiti.X~ Steam Trap & Condensate Line Repair VR,Building Systems & Facilities,plumbers-and-pipefitters,14,select; sequence; hold; gauge; find; drag; turn; track,4,2,5,96,100,153
pl-underground-sewer-lateral-and-trench-shoring,smartcity,SmartCiti.X~ Underground Sewer Lateral & Trench Shoring VR,Water & Environmental,plumbers-and-pipefitters,14,select; find; drag; hold; turn; gauge; sequence; track,4,2,5,97,100,160
pl-water-heater-and-tpr-valve-replacement,smartcity,SmartCiti.X~ Water Heater & TPR Valve Replacement VR,Building Systems & Facilities,plumbers-and-pipefitters,15,select; sequence; hold; find; drag; gauge; turn; track,4,2,5,96,100,155
pm-community-room-and-events,smartcity,SmartCiti.X~ Community Room & Events VR,Building Systems & Facilities,property-management,13,select; find; turn; drag; sequence; gauge; hold; track,4,2,9,98,100,225
pm-domestic-water-and-backflow,smartcity,SmartCiti.X~ Domestic Water & Backflow VR,Building Systems & Facilities,property-management,14,select; drag; find; turn; sequence; gauge; hold; track,4,2,11,98,100,198
pm-electrical-room,smartcity,SmartCiti.X~ Electrical Room VR,Building Systems & Facilities,property-management,13,select; find; drag; gauge; sequence; turn; hold; track,4,2,7,97,100,188
pm-elevator-machine-room,smartcity,SmartCiti.X~ Elevator Machine Room VR,Building Systems & Facilities,property-management,12,select; sequence; gauge; find; drag; hold; track; turn,4,2,6,98,100,178
pm-fire-alarm-panel-room,smartcity,SmartCiti.X~ Fire Alarm Panel Room VR,Building Systems & Facilities,property-management,13,select; sequence; find; turn; gauge; hold; drag; track,4,2,8,97,100,191
pm-fitness-room-and-gym,smartcity,SmartCiti.X~ Fitness Room & Gym VR,Building Systems & Facilities,property-management,13,select; find; sequence; turn; gauge; hold; drag; track,4,2,7,98,100,201
pm-landscaping-and-irrigation,smartcity,SmartCiti.X~ Landscaping & Irrigation VR,Building Systems & Facilities,property-management,13,select; find; turn; gauge; sequence; hold; drag; track,4,2,11,99,100,181
pm-laundry-room,smartcity,SmartCiti.X~ Laundry Room VR,Building Systems & Facilities,property-management,13,select; find; sequence; turn; hold; drag; gauge; track,4,2,8,98,100,191
pm-leasing-office-fair-housing,smartcity,SmartCiti.X~ Leasing Office and Fair Housing VR,Building Systems & Facilities,property-management,12,select; sequence; find; gauge; drag; hold; track; turn,4,2,7,98,100,201
pm-loading-dock-and-moves,smartcity,SmartCiti.X~ Loading Dock & Moves VR,Building Systems & Facilities,property-management,13,select; turn; drag; find; sequence; gauge; hold; track,4,2,11,98,100,173
pm-lobby-and-front-desk,smartcity,SmartCiti.X~ Lobby and Front Desk VR,Building Systems & Facilities,property-management,12,select; sequence; gauge; find; drag; track; hold; turn,4,2,8,97,100,207
pm-mail-and-package-room,smartcity,SmartCiti.X~ Mail & Package Room VR,Building Systems & Facilities,property-management,13,select; find; gauge; sequence; drag; hold; track; turn,4,2,8,98,100,211
pm-parking-garage,smartcity,SmartCiti.X~ Parking Garage VR,Building Systems & Facilities,property-management,13,select; gauge; turn; find; drag; sequence; track; hold,4,2,8,97,100,196
pm-playground-and-courtyard,smartcity,SmartCiti.X~ Playground & Courtyard VR,Building Systems & Facilities,property-management,13,select; find; gauge; drag; turn; hold; sequence; track,4,2,7,99,100,220
pm-pool-and-spa-chemistry,smartcity,SmartCiti.X~ Pool & Spa Chemistry VR,Building Systems & Facilities,property-management,13,select; find; gauge; turn; sequence; drag; track; hold,4,2,7,98,100,196
pm-roof-and-drains,smartcity,SmartCiti.X~ Roof and Drains VR,Building Systems & Facilities,property-management,13,select; sequence; gauge; track; find; drag; hold; turn,4,2,8,98,100,219
pm-sprinkler-riser-room,smartcity,SmartCiti.X~ Sprinkler Riser Room VR,Building Systems & Facilities,property-management,12,select; find; sequence; turn; gauge; hold; drag; track,4,2,6,98,100,204
pm-storage-and-bike-room,smartcity,SmartCiti.X~ Storage & Bike Room VR,Building Systems & Facilities,property-management,13,select; find; drag; gauge; turn; hold; sequence; track,4,2,9,98,100,189
pm-trash-and-recycling-room,smartcity,SmartCiti.X~ Trash and Recycling Room VR,Building Systems & Facilities,property-management,13,select; sequence; find; gauge; hold; drag; turn; track,4,2,10,98,100,195
pm-unit-turnover,smartcity,SmartCiti.X~ Unit Turnover VR,Building Systems & Facilities,property-management,13,select; find; sequence; hold; drag; track; turn; gauge,4,2,8,98,100,206
po-lashing-gear-inspection-and-tagging,smartcity,SmartCiti.X~ Lashing Gear Inspection & Tagging VR VR,Maritime & Ports,port-operations,13,select; sequence; find; drag; turn; gauge; hold,4,2,5,95,100,163
po-yard-hostler-and-pedestrian-separation,smartcity,SmartCiti.X~ Yard Hostler & Pedestrian Separation VR VR,Maritime & Ports,port-operations,14,select; sequence; find; drag; turn; gauge; track; hold,4,2,5,93,100,296
post-tension,smartcity,SmartCiti.X~ Post Tension VR,Construction & Structural Trades,,14,select; gauge; find; sequence; drag; track; hold; turn,4,2,5,98,100,251
prep-cooling,smartcity,SmartCiti.X~ Prep Cooling VR,Culinary & Hospitality,culinary-kitchen,13,select; drag; sequence; track; turn; hold; gauge; find,4,2,6,94,100,155
press-brake,smartcity,SmartCiti.X~ Press Brake VR,Manufacturing & Automation,bay-area-union-edition; situational-awareness,12,select; turn; drag; sequence; gauge; hold; find,4,2,3,96,100,155
psychological-first-aid,smartcity,SmartCiti.X~ Psychological First Aid VR,Emergency Services,first-responders,13,sequence; find; hold; select; gauge; drag; track,4,2,12,98,100,186
pt-chassis-and-genset-yard,smartcity,SmartCiti.X~ Chassis & Genset Yard VR,Maritime & Ports,bay-area-union-edition,13,select; sequence; find; gauge; turn; hold; drag; track,4,2,6,97,100,237
pt-crane-boom-hoist-brake-service,smartcity,SmartCiti.X~ Crane Boom Hoist Brake Service VR,Maritime & Ports,bay-area-union-edition,13,select; sequence; hold; find; gauge; turn; drag; track,4,2,6,97,100,228
pt-dock-fender-and-bollard-inspection,smartcity,SmartCiti.X~ Dock Fender & Bollard Inspection VR,Maritime & Ports,bay-area-union-edition,13,select; sequence; find; hold; gauge; drag; turn; track,4,2,6,97,100,214
pt-reefer-plug-and-power-panel,smartcity,SmartCiti.X~ Reefer Plug & Power Panel VR,Maritime & Ports,bay-area-union-edition,13,select; sequence; turn; hold; find; drag; gauge; track,4,2,6,97,100,279
pt-spreader-and-twistlock-inspection,smartcity,SmartCiti.X~ Spreader & Twist-lock Inspection VR,Maritime & Ports,bay-area-union-edition,14,select; sequence; hold; find; turn; gauge; track; drag,4,2,6,96,100,244
pt-stormwater-at-the-terminal,smartcity,SmartCiti.X~ Stormwater at the Terminal VR,Maritime & Ports,bay-area-union-edition,13,select; sequence; hold; drag; find; gauge; turn; track,4,2,6,98,100,261
pt-straddle-carrier-hydraulics,smartcity,SmartCiti.X~ Straddle Carrier Hydraulics VR,Maritime & Ports,bay-area-union-edition,13,select; sequence; hold; find; drag; turn; track; gauge,4,2,6,96,100,254
pt-terminal-lighting-mast-service,smartcity,SmartCiti.X~ Terminal Lighting Mast Service VR,Maritime & Ports,bay-area-union-edition,13,select; sequence; hold; track; find; drag; turn; gauge,4,2,7,97,100,251
public-comment-prep,smartcity,SmartCiti.X~ Public Comment Prep VR,Community Environmental Justice,civic-leadership-and-ei; hunters-point-can-we-live,13,select; sequence; find; gauge; drag; track; hold,4,2,4,96,100,268
public-meeting-chair,smartcity,SmartCiti.X~ Public Meeting Chair VR,Community Environmental Justice,civic-leadership-and-ei,13,find; turn; select; sequence; gauge; hold; drag; track,4,2,8,97,100,288
pump-and-treat,smartcity,SmartCiti.X~ Pump and Treat VR,Water & Environmental,hunters-point-bay-restoration,14,select; gauge; find; sequence; turn; track; drag; hold,4,2,6,96,83,231
pyro-cue,smartcity,SmartCiti.X~ Pyro Cue VR,Entertainment & Live Events,,15,select; gauge; sequence; drag; turn; hold; find,4,2,4,94,100,173
ra-air-brake-test-and-train-inspection,smartcity,SmartCiti.X~ Air Brake Test & Train Inspection VR,Mobility & Transit,railroad-crafts,15,select; gauge; sequence; turn; find; drag; track,4,2,4,96,100,153
ra-blue-flag-protection-in-the-yard,smartcity,SmartCiti.X~ Blue Flag Protection in the Yard VR,Mobility & Transit,railroad-crafts,15,select; sequence; turn; hold; drag; gauge; track; find,4,2,4,95,100,157
ra-crossing-signal-maintenance-and-flagging,smartcity,SmartCiti.X~ Crossing Signal Maintenance & Flagging VR,Mobility & Transit,railroad-crafts,15,select; hold; sequence; turn; gauge; drag; track; find,4,2,4,95,100,154
ra-hand-brake-and-securement-on-a-grade,smartcity,SmartCiti.X~ Hand Brake & Securement on a Grade VR,Mobility & Transit,railroad-crafts,14,select; gauge; sequence; turn; drag; hold; track; find,4,2,4,95,100,162
ra-locomotive-cab-startup-and-alerter,smartcity,SmartCiti.X~ Locomotive Cab Startup & Alerter VR,Mobility & Transit,railroad-crafts,14,select; sequence; drag; turn; gauge; hold; track; find,4,2,4,96,100,151
ra-roadway-worker-protection-and-job-briefing,smartcity,SmartCiti.X~ Roadway Worker Protection & Job Briefing VR,Mobility & Transit,railroad-crafts,14,select; sequence; gauge; turn; hold; drag; track; find,4,2,5,95,100,157
ra-switch-inspection-and-lubrication,smartcity,SmartCiti.X~ Switch Inspection & Lubrication VR,Mobility & Transit,railroad-crafts,15,select; sequence; turn; gauge; hold; drag; track; find,4,2,5,95,100,153
ra-tie-and-rail-replacement-with-track-machines,smartcity,SmartCiti.X~ Tie & Rail Replacement VR,Mobility & Transit,railroad-crafts,14,select; sequence; turn; track; drag; gauge; hold; find,4,2,5,95,100,153
rad-meter-basics,smartcity,SmartCiti.X~ Rad Meter Basics VR,Community Environmental Justice,hunters-point-can-we-live,13,sequence; gauge; hold; select; turn; track; drag; find,4,2,3,95,100,247
rad-survey,smartcity,SmartCiti.X~ Rad Survey VR,Environmental Monitoring,hunters-point-bay-restoration,15,select; sequence; turn; hold; gauge; track; drag; find,4,2,4,94,100,196
radiograph-safety,smartcity,SmartCiti.X~ Radiograph Safety VR,Dental & Oral Health,dental-hygiene-unspoken-smiles,13,select; drag; sequence; turn; gauge; hold; find,4,2,6,95,100,149
rbs-service-capstone,smartcity,SmartCiti.X~ RBS Service Capstone VR,Culinary & Hospitality,bartending-course,15,select; find; sequence; turn; track; gauge; hold; drag,4,2,6,96,100,187
rcl-switching,smartcity,SmartCiti.X~ RCL Switching VR,Mobility & Transit,,15,select; sequence; gauge; track; turn; hold; drag; find,4,2,5,94,100,259
receiving-dock-food,smartcity,SmartCiti.X~ Receiving Dock Food VR,Culinary & Hospitality,culinary-kitchen,14,select; gauge; sequence; hold; find; drag; turn; track,4,2,7,93,100,159
reefer-yard-monitoring,smartcity,SmartCiti.X~ Reefer Yard Monitoring VR,Maritime & Ports,ports-maritime-ecology,13,select; sequence; hold; turn; gauge; track; find,4,2,4,98,100,213
results-return-visit,smartcity,SmartCiti.X~ Results Return Visit VR,Community Environmental Justice,hunters-point-can-we-live,13,find; select; track; gauge; hold; drag; turn; sequence,4,2,4,96,100,164
retest-witnessing,smartcity,SmartCiti.X~ Retest Witnessing VR,Community Environmental Justice,hunters-point-can-we-live,13,sequence; select; drag; gauge; turn; track; hold,4,2,4,94,100,220
rf-below-grade-waterproofing-and-drainage-board,smartcity,SmartCiti.X~ Below-Grade Waterproofing & Drainage Board VR,Construction & Structural Trades,roofers-and-waterproofers,14,select; sequence; find; gauge; drag; turn; track; hold,4,2,6,96,100,157
rf-green-roof-and-overburden-placement,smartcity,SmartCiti.X~ Green Roof & Overburden Placement VR,Construction & Structural Trades,roofers-and-waterproofers,14,select; sequence; find; gauge; drag; hold; turn; track,4,2,8,97,100,158
rf-hot-asphalt-kettle-and-mop,smartcity,SmartCiti.X~ Hot Asphalt Kettle & Mop VR,Construction & Structural Trades,roofers-and-waterproofers,14,select; sequence; find; gauge; turn; hold; drag; track,4,2,10,96,100,150
rf-roof-tear-off-and-debris-chute,smartcity,SmartCiti.X~ Roof Tear-Off & Debris Chute VR,Construction & Structural Trades,roofers-and-waterproofers,14,select; sequence; find; gauge; turn; drag; hold; track,4,2,8,96,100,144
rf-single-ply-tpo-heat-welding-and-seam-probe,smartcity,SmartCiti.X~ Single-Ply TPO Heat Welding & Seam Probe VR,Construction & Structural Trades,roofers-and-waterproofers,14,select; sequence; find; gauge; drag; turn; track; hold,4,2,8,96,100,170
rf-skylight-and-hatch-guarding,smartcity,SmartCiti.X~ Skylight & Hatch Guarding VR,Construction & Structural Trades,roofers-and-waterproofers,14,select; sequence; find; gauge; drag; turn; hold; track,4,2,7,96,100,149
rf-standing-seam-metal-panel-and-clip,smartcity,SmartCiti.X~ Standing-Seam Metal Panel & Clip VR,Construction & Structural Trades,roofers-and-waterproofers,14,select; sequence; find; gauge; drag; turn; hold; track,4,2,8,96,100,146
rf-torch-applied-membrane-and-fire-watch,smartcity,SmartCiti.X~ Torch-Applied Membrane & Fire Watch VR,Construction & Structural Trades,roofers-and-waterproofers,14,select; sequence; find; gauge; turn; drag; track; hold,4,2,9,95,100,162
rigging-loft,smartcity,SmartCiti.X~ Rigging Loft VR,Entertainment & Live Events,live-events; rigging-lifting,14,select; find; track; gauge; sequence; hold,4,2,4,90,50,127
rl-critical-lift-plan-and-signalperson,smartcity,SmartCiti.X~ Critical Lift Plan & Signalperson VR VR,Construction & Structural Trades,rigging-lifting,14,select; sequence; find; gauge; turn; hold; track; drag,4,2,5,97,100,192
robot-cell,smartcity,SmartCiti.X~ Robot Cell VR,Manufacturing & Automation,,14,select; turn; gauge; drag; sequence; hold,4,2,4,95,100,199
sample-kit-shipping,smartcity,SmartCiti.X~ Sample Kit Shipping VR,Community Environmental Justice,hunters-point-can-we-live,13,select; sequence; track; hold; drag; gauge; find,4,2,4,93,75,154
sampling-well,smartcity,SmartCiti.X~ Sampling Well VR,Environmental Monitoring,hunters-point-bay-restoration,11,select; sequence; gauge; drag; track; hold; find,4,2,3,99,100,188
scaffold-erection,smartcity,SmartCiti.X~ Scaffold Erection VR,Construction & Structural Trades,fall-protection,12,select; sequence; drag; gauge; hold; find,4,2,5,96,100,110
school-screening-outreach,smartcity,SmartCiti.X~ School Screening Outreach VR,Dental & Oral Health,dental-careers-unspoken-smiles,14,find; drag; turn; sequence; track; gauge; select; hold,4,2,8,98,100,262
se-building-automation-alarm-triage,smartcity,SmartCiti.X~ Building Automation Alarm Triage VR VR,Building Systems & Facilities,stationary-engineer,14,select; sequence; gauge; turn; track; find; drag,4,2,7,92,71,155
se-steam-trap-survey-and-condensate-return,smartcity,SmartCiti.X~ Steam Trap Survey & Condensate Return VR VR,Building Systems & Facilities,stationary-engineer,14,select; sequence; gauge; track; find; drag; turn; hold,4,2,5,92,100,152
sediment-cap,smartcity,SmartCiti.X~ Sediment Cap VR,Maritime & Ports,hunters-point-bay-restoration,13,select; gauge; sequence; drag; find; turn; track; hold,4,2,8,94,88,219
sensor-colocation-check,smartcity,SmartCiti.X~ Sensor Co-Location Check VR,Community Environmental Justice,hunters-point-can-we-live,13,select; sequence; turn; gauge; track; find,4,2,3,97,100,196
serger-overlock,smartcity,SmartCiti.X~ Serger and Overlock VR,Sewing & Garment Trades,sewing-garment-trades,13,select; sequence; gauge; turn; track; drag; hold; find,4,2,4,96,100,138
sewing-ergonomics-shift,smartcity,SmartCiti.X~ Sewing Ergonomics VR,Sewing & Garment Trades,sewing-garment-trades,13,select; turn; gauge; drag; track; hold; sequence; find,4,2,4,98,100,177
sharps-exposure-response,smartcity,SmartCiti.X~ Sharps Exposure Response VR,Dental & Oral Health,dental-hygiene-unspoken-smiles,11,select; track; hold; sequence; gauge; find,4,2,3,98,100,152
shelter-in-place-drill,smartcity,SmartCiti.X~ Shelter-in-Place Drill VR,Community Environmental Justice,hunters-point-can-we-live,14,select; sequence; turn; gauge; hold; find; track,4,2,5,92,60,176
shelter-intake-operations,smartcity,SmartCiti.X~ Shelter Intake Operations VR,Emergency Services,first-responders,14,select; turn; sequence; drag; gauge; find; hold; track,4,2,7,97,100,290
shipyard-hotwork,smartcity,SmartCiti.X~ Shipyard Hot Work VR,Maritime & Ports,,15,find; select; drag; turn; gauge; sequence; track; hold,5,2,8,94,88,272
shore-power-hookup,smartcity,SmartCiti.X~ Shore Power Hookup VR,Maritime & Ports,ports-maritime-ecology,13,select; sequence; drag; track; gauge; turn; hold; find,4,2,7,93,57,227
shoreline-sediment-grab,smartcity,SmartCiti.X~ Shoreline Sediment Grab VR,Community Environmental Justice,hunters-point-can-we-live,12,select; sequence; drag; gauge; hold; find,4,2,4,94,100,246
signal-cabinet,smartcity,SmartCiti.X~ Signal Cabinet VR,Mobility & Transit,transit-ramp,11,select; sequence; turn; find; gauge; hold; drag,5,2,5,98,100,221
slicer-lockout,smartcity,SmartCiti.X~ Slicer Lockout VR,Culinary & Hospitality,culinary-kitchen,14,select; turn; drag; track; hold; find,4,2,7,91,71,159
sm-air-balancing-and-testing,smartcity,SmartCiti.X~ Air Balancing and Testing VR,Manufacturing & Automation,bay-area-union-edition,14,select; sequence; drag; gauge; turn; track; hold; find,4,2,8,98,100,230
sm-architectural-panels-at-height,smartcity,SmartCiti.X~ Architectural Panels at Height VR,Manufacturing & Automation,bay-area-union-edition,14,select; gauge; sequence; drag; turn; hold; track; find,4,2,5,96,100,240
sm-duct-fabrication-and-seams,smartcity,SmartCiti.X~ Duct Fabrication and Seams VR,Manufacturing & Automation,bay-area-union-edition,14,select; sequence; drag; track; gauge; turn; hold; find,4,2,6,97,100,236
sm-duct-hanging-and-seismic-bracing,smartcity,SmartCiti.X~ Duct Hanging and Seismic Bracing VR,Manufacturing & Automation,bay-area-union-edition,14,select; sequence; drag; turn; hold; track; gauge; find,4,2,6,98,100,235
sm-kitchen-exhaust-and-fire-wrap,smartcity,SmartCiti.X~ Kitchen Exhaust and Fire Wrap VR,Manufacturing & Automation,bay-area-union-edition,14,select; sequence; drag; track; hold; turn; gauge; find,4,2,6,98,100,241
sm-plasma-table-and-fume,smartcity,SmartCiti.X~ Plasma Table and Fume VR,Manufacturing & Automation,bay-area-union-edition,14,select; sequence; turn; gauge; drag; track; hold; find,4,2,8,98,100,247
sm-shop-layout-and-shear,smartcity,SmartCiti.X~ Shop Layout and Shear VR,Manufacturing & Automation,bay-area-union-edition,14,select; sequence; drag; gauge; turn; find; hold; track,4,2,7,97,100,272
sm-tig-and-spot-welding,smartcity,SmartCiti.X~ TIG and Spot Welding VR,Manufacturing & Automation,bay-area-union-edition,14,select; sequence; turn; gauge; drag; track; hold; find,4,2,7,98,100,243
smoke-day-outreach,smartcity,SmartCiti.X~ Smoke Day Outreach VR,Community Environmental Justice,hunters-point-can-we-live,13,select; sequence; drag; gauge; turn; hold; track,4,2,5,93,80,151
soil-loadout,smartcity,SmartCiti.X~ Soil Loadout VR,Environmental Monitoring,air-quality-monitoring; hunters-point-bay-restoration,13,sequence; select; gauge; drag; turn; hold; track; find,4,2,6,92,83,243
solar-deck,smartcity,SmartCiti.X~ Solar Deck VR,Energy & Power,energy-transition,11,select; hold; find; turn; gauge; sequence,5,2,6,98,100,282
spartina-removal,smartcity,SmartCiti.X~ Spartina Removal VR,Water & Environmental,hunters-point-bay-restoration,14,select; sequence; gauge; drag; turn; track; hold; find,4,2,7,95,86,267
special-needs-and-geriatric-dentistry,smartcity,SmartCiti.X~ Special Needs & Geriatric Dentistry VR,Dental & Oral Health,dental-careers-unspoken-smiles,15,select; find; sequence; gauge; turn; hold; track; drag,4,2,9,98,100,248
spiked-drink-response,smartcity,SmartCiti.X~ Spiked Drink Response VR,Culinary & Hospitality,bartending-course,13,find; select; drag; turn; gauge; hold; sequence; track,4,2,4,92,75,168
spill-boom-deploy,smartcity,SmartCiti.X~ Spill Boom Deploy VR,Maritime & Ports,ports-maritime-ecology,13,turn; sequence; select; drag; track; gauge; hold; find,4,2,4,98,100,191
splice-node,smartcity,SmartCiti.X~ Splice Node VR,Connectivity & Telecom,,14,select; turn; drag; gauge; find; sequence; hold,5,2,6,99,100,195
stack-test,smartcity,SmartCiti.X~ Stack Test VR,Environmental Monitoring,air-quality-monitoring,15,select; sequence; gauge; hold; turn; drag; track; find,4,2,4,95,100,267
stage-load-in-and-truss-rigging,smartcity,SmartCiti.X~ Stage Load-In & Truss Rigging VR,Entertainment & Live Events,live-events,14,select; sequence; find; drag; turn; gauge; hold; track,4,2,6,97,100,231
stage-power,smartcity,SmartCiti.X~ Stage Power VR,Entertainment & Live Events,live-events,11,select; turn; sequence; gauge; hold; find,5,2,6,96,100,246
steel-erector,smartcity,SmartCiti.X~ Steel Erector VR,Construction & Structural Trades,bay-area-union-edition; bridge-and-structural; fall-protection; situational-awareness,12,select; find; drag; hold; gauge; sequence,4,2,4,94,100,111
sterilisation-technician-cycle,smartcity,SmartCiti.X~ Sterilisation Centre VR,Dental & Oral Health,dental-careers-unspoken-smiles,15,select; sequence; drag; hold; gauge; find; turn; track,4,2,7,93,86,243
stormwater-outfall,smartcity,SmartCiti.X~ Stormwater Outfall VR,Environmental Monitoring,hazmat-environmental; hunters-point-bay-restoration,11,select; sequence; gauge; hold; drag; find,4,2,4,98,100,168
straddle-carrier-ops,smartcity,SmartCiti.X~ Straddle Carrier Ops VR,Maritime & Ports,ports-maritime-ecology,13,sequence; select; find; hold; track; gauge; turn; drag,4,2,3,92,67,167
structure-fire-sizeup,smartcity,SmartCiti.X~ Structure Fire Size-Up VR,Emergency Services,first-responders,14,find; sequence; drag; turn; select; gauge; track; hold,4,2,7,97,100,273
substation-switching,smartcity,SmartCiti.X~ Substation Switching VR,Energy & Power,electrical-first-period; energy-transition; situational-awareness,11,select; sequence; turn; gauge; hold; find,4,2,3,97,100,171
tank-lining,smartcity,SmartCiti.X~ Tank Lining VR,Surface Prep & Coatings,,15,select; drag; gauge; turn; track; find; hold,4,2,7,95,100,225
tdl-air-brake-test,smartcity,SmartCiti.X~ Air Brake Test VR,Mobility & Transit,job-readiness-edition; wojrc-pathway-edition,14,select; drag; track; gauge; turn; sequence; hold; find,4,2,5,97,100,287
tdl-backing-and-docking,smartcity,SmartCiti.X~ Backing and Docking VR,Mobility & Transit,job-readiness-edition; wojrc-pathway-edition,13,select; sequence; find; gauge; turn; track; hold; drag,4,2,6,96,100,163
tdl-cargo-securement-and-hours,smartcity,SmartCiti.X~ Cargo Securement and Hours VR,Mobility & Transit,job-readiness-edition; wojrc-pathway-edition,13,select; gauge; find; drag; turn; track; hold; sequence,4,2,6,98,100,299
tdl-coupling-and-uncoupling,smartcity,SmartCiti.X~ Coupling and Uncoupling VR,Mobility & Transit,job-readiness-edition; wojrc-pathway-edition,13,select; find; drag; gauge; sequence; track; hold; turn,4,2,6,98,100,249
tdl-hazmat-labeling-and-segregation,smartcity,SmartCiti.X~ Hazmat Labeling and Segregation VR,Mobility & Transit,job-readiness-edition; wojrc-pathway-edition,13,select; sequence; find; gauge; turn; hold; drag; track,4,2,7,98,100,181
tdl-lifting-and-ergonomics,smartcity,SmartCiti.X~ Lifting and Ergonomics VR,Mobility & Transit,job-readiness-edition; wojrc-pathway-edition,13,select; sequence; gauge; find; turn; hold; drag; track,4,2,7,98,100,199
tdl-pallet-jack-and-racking,smartcity,SmartCiti.X~ Pallet Jack and Racking VR,Mobility & Transit,job-readiness-edition; wojrc-pathway-edition,13,select; find; sequence; gauge; hold; track; turn; drag,4,2,6,96,100,218
tdl-pick-pack-and-scan,smartcity,"SmartCiti.X~ Pick, Pack and Scan VR",Mobility & Transit,job-readiness-edition; wojrc-pathway-edition,13,select; sequence; find; track; drag; hold; turn; gauge,4,2,6,98,100,234
tdl-pretrip-inspection,smartcity,SmartCiti.X~ Pre-Trip Inspection VR,Mobility & Transit,job-readiness-edition; wojrc-pathway-edition,13,select; sequence; find; gauge; turn; hold; drag; track,4,2,6,98,100,282
tdl-trailer-loading-and-dock-plate,smartcity,SmartCiti.X~ Trailer Loading and Dock Plate VR,Mobility & Transit,job-readiness-edition; wojrc-pathway-edition,13,select; find; sequence; hold; gauge; drag; track; turn,4,2,5,98,100,277
teledentistry-and-triage,smartcity,SmartCiti.X~ Teledentistry & Triage VR,Dental & Oral Health,dental-careers-unspoken-smiles,15,select; find; sequence; gauge; hold; track; turn; drag,4,2,8,98,100,219
temporary-site-power,smartcity,SmartCiti.X~ Temporary Site Power VR,Energy & Power,electrical-first-period,12,select; sequence; gauge; turn; drag; find,4,2,4,98,100,164
tide-gate,smartcity,SmartCiti.X~ Tide Gate VR,Water & Environmental,hunters-point-bay-restoration,15,select; gauge; sequence; hold; find; drag; track,4,2,8,96,100,191
till-drop-robbery,smartcity,SmartCiti.X~ Till Drop & Robbery Response VR,Culinary & Hospitality,bartending-course,15,select; hold; gauge; sequence; track; drag; turn; find,4,2,5,96,100,186
tip-pool-labor,smartcity,SmartCiti.X~ Tip Pool & Labor VR,Culinary & Hospitality,bartending-course,14,hold; select; sequence; gauge; drag; find; turn,4,2,7,96,100,216
tower-climb,smartcity,SmartCiti.X~ Tower Climb VR,Connectivity & Telecom,fall-protection; situational-awareness,12,select; gauge; sequence; find; turn; hold,4,2,7,95,86,143
tr-wheelchair-lift-and-securement-on-a-bus,smartcity,SmartCiti.X~ Wheelchair Lift & Securement on a Bus VR VR,Mobility & Transit,transit-ramp,14,select; sequence; find; hold; drag; turn; gauge; track,4,2,6,94,75,178
track-access,smartcity,SmartCiti.X~ Track Access VR,Mobility & Transit,transit-ramp,12,select; turn; gauge; sequence; drag; find,4,2,4,95,100,137
trades-lineage-briefing,smartcity,SmartCiti.X~ Trades Lineage Briefing VR,Community Environmental Justice,job-readiness-edition; wojrc-pathway-edition,8,select; sequence,4,0,7,84,100,0
traffic-incident-management,smartcity,SmartCiti.X~ Traffic Incident Management VR,Emergency Services,first-responders,15,find; drag; select; gauge; sequence; turn; track; hold,4,2,7,91,64,238
transformer-vault,smartcity,SmartCiti.X~ Transformer Vault VR,Energy & Power,situational-awareness,12,select; sequence; gauge; turn; hold; find,4,2,3,92,100,187
transite-pipe-removal,smartcity,SmartCiti.X~ Transite Pipe Removal VR,Water & Environmental,hunters-point-bay-restoration,12,select; turn; sequence; find; gauge; hold; track; drag,4,2,8,96,88,191
trauma-informed-intake,smartcity,SmartCiti.X~ Trauma-Informed Intake VR,Emergency Services,first-responders,15,drag; turn; find; select; hold; sequence; track,5,2,7,96,100,192
trench-box,smartcity,SmartCiti.X~ Trench Box VR,Construction & Structural Trades,situational-awareness,15,sequence; select; find; gauge; drag; hold,4,2,4,95,100,166
triage-point,smartcity,SmartCiti.X~ Triage Point VR,Emergency Services,first-responders; situational-awareness,10,select; find; hold; drag; turn; sequence,4,2,5,97,100,146
tw-amr-traffic-zone-entry-and-lockout,smartcity,SmartCiti.X~ AMR Traffic-Zone Entry & Lockout VR,Manufacturing & Automation,warehouse-and-logistics-automation,12,sequence; select; find; turn; hold; gauge; track; drag,4,2,6,96,100,171
tw-battery-change-and-charging-bay-safety,smartcity,SmartCiti.X~ Battery Change & Charging Bay Safety VR,Manufacturing & Automation,warehouse-and-logistics-automation,16,sequence; select; find; turn; drag; hold; gauge,4,2,5,96,100,226
tw-cold-storage-ppe-and-rotation,smartcity,SmartCiti.X~ Cold-Storage PPE & Rotation VR,Manufacturing & Automation,warehouse-and-logistics-automation,12,sequence; select; find; turn; hold; drag; gauge,4,2,6,97,100,172
tw-conveyor-jam-clearing-and-loto,smartcity,SmartCiti.X~ Conveyor Jam Clearing & LOTO VR,Manufacturing & Automation,warehouse-and-logistics-automation,13,sequence; select; find; gauge; turn; drag; track,4,2,6,95,100,170
tw-dock-leveler-and-trailer-restraint-check,smartcity,SmartCiti.X~ Dock Leveler & Trailer Restraint Check VR,Manufacturing & Automation,warehouse-and-logistics-automation,13,sequence; select; find; turn; drag; gauge; hold; track,4,2,6,96,100,174
tw-high-bay-order-picker-fall-protection,smartcity,SmartCiti.X~ High-Bay Order Picker Fall Protection VR,Manufacturing & Automation,warehouse-and-logistics-automation,13,sequence; select; find; drag; hold; gauge; track,4,2,6,95,100,172
tw-palletizer-cell-fenced-access-permit,smartcity,SmartCiti.X~ Palletizer Cell Fenced-Access Permit VR,Manufacturing & Automation,warehouse-and-logistics-automation,13,sequence; select; find; gauge; turn; drag; track,4,2,6,95,100,161
tw-pick-to-light-ergonomics-and-rotation,smartcity,SmartCiti.X~ Pick-to-Light Ergonomics & Rotation VR,Manufacturing & Automation,warehouse-and-logistics-automation,13,sequence; select; find; turn; hold; gauge; drag; track,4,2,5,95,100,146
ultrasonic-scaling,smartcity,SmartCiti.X~ Ultrasonic Scaling VR,Dental & Oral Health,dental-hygiene-unspoken-smiles,15,select; find; hold; sequence; gauge; track,4,2,7,96,100,173
union-hall-and-dispatch,smartcity,SmartCiti.X~ Union Hall & Dispatch VR,Community Environmental Justice,job-readiness-edition; wojrc-pathway-edition,12,select; find; hold; drag; gauge; sequence; turn; track,4,2,6,97,100,211
ust-removal,smartcity,SmartCiti.X~ UST Removal VR,Environmental Monitoring,hunters-point-bay-restoration,14,select; hold; gauge; sequence; drag; track; find,4,2,4,97,100,232
ut-cathodic-protection-test-station-reading,smartcity,SmartCiti.X~ Cathodic Protection Test-Station Reading VR,Energy & Power,water-and-gas-utility-crews,14,select; sequence; find; drag; gauge; turn; track; hold,4,2,5,97,100,128
ut-gas-meter-set-and-regulator-vent,smartcity,SmartCiti.X~ Gas Meter Set & Regulator Vent Check VR,Energy & Power,water-and-gas-utility-crews,14,select; sequence; find; drag; turn; gauge; track; hold,4,2,5,97,100,153
ut-hydrant-flow-test-and-flushing-with-traffic-control,smartcity,SmartCiti.X~ Hydrant Flow Test & Flushing VR,Water & Environmental,water-and-gas-utility-crews,14,select; sequence; find; drag; gauge; turn; hold; track,4,2,4,97,100,197
ut-night-storm-response-crew-and-portable-generator,smartcity,SmartCiti.X~ Night Storm-Response Crew & Portable Generator VR,Water & Environmental,water-and-gas-utility-crews,13,select; find; drive; sequence; drag; turn; gauge; track; hold,4,2,4,98,100,192
ut-pe-pipe-fusion-and-squeeze-off,smartcity,SmartCiti.X~ PE Pipe Fusion & Squeeze-Off VR,Energy & Power,water-and-gas-utility-crews,14,select; find; sequence; hold; drag; gauge; turn; track,4,2,4,97,100,123
ut-service-line-locate-and-hand-dig-near-gas-main,smartcity,SmartCiti.X~ Service-Line Locate & Hand-Dig VR,Energy & Power,water-and-gas-utility-crews,14,select; find; sequence; hold; gauge; turn; drag; track,4,2,4,97,100,163
ut-water-main-break-emergency-shutdown-and-excavation,smartcity,SmartCiti.X~ Water Main Break Emergency Shutdown VR,Water & Environmental,water-and-gas-utility-crews,14,select; sequence; find; turn; gauge; track; hold; drag,4,2,4,97,100,186
ut-water-treatment-chemical-delivery-unloading,smartcity,SmartCiti.X~ Water Treatment Chemical Delivery Unloading VR,Water & Environmental,water-and-gas-utility-crews,14,select; find; sequence; drag; gauge; turn; hold; track,4,2,4,96,100,113
uw-bridge-pier-scour-survey,smartcity,SmartCiti.X~ Bridge Pier Scour Survey VR,Maritime & Ports,bay-area-union-edition,13,select; find; turn; track; gauge; hold; drag; sequence,4,2,7,95,100,168
uw-intake-screen-cleaning-with-lockout,smartcity,SmartCiti.X~ Intake Screen Cleaning With Lockout VR,Maritime & Ports,bay-area-union-edition,14,find; sequence; select; turn; track; gauge; drag; hold,4,2,8,96,100,167
uw-lift-bag-rigging-and-object-recovery,smartcity,SmartCiti.X~ Lift Bag Rigging & Object Recovery VR,Maritime & Ports,bay-area-union-edition,13,select; find; sequence; drag; gauge; turn; hold; track,4,2,7,95,100,163
uw-pipeline-crossing-inspection-dive,smartcity,SmartCiti.X~ Pipeline Crossing Inspection Dive VR,Maritime & Ports,bay-area-union-edition,14,select; find; turn; track; gauge; drag; hold; sequence,4,2,7,95,100,172
uw-rov-pre-dive-and-tether-management,smartcity,SmartCiti.X~ ROV Pre-Dive & Tether Management VR,Maritime & Ports,bay-area-union-edition,14,select; find; sequence; drag; turn; gauge; hold; track,4,2,7,96,100,169
uw-underwater-concrete-and-bag-placement,smartcity,SmartCiti.X~ Underwater Concrete & Bag Placement VR,Maritime & Ports,bay-area-union-edition,14,select; find; sequence; drag; track; turn; gauge; hold,4,2,8,95,100,167
valve-vault,smartcity,SmartCiti.X~ Valve Vault VR,Water & Environmental,confined-space,12,select; sequence; drag; gauge; hold,4,2,4,94,100,195
vapor-mitigation,smartcity,SmartCiti.X~ Vapor Mitigation VR,Building Systems & Facilities,hunters-point-bay-restoration,15,select; find; track; sequence; drag; turn; gauge; hold,4,2,7,91,50,174
vessel-gangway-and-hatch-cover-safety,smartcity,SmartCiti.X~ Vessel Gangway & Hatch Cover Safety VR,Maritime & Ports,port-operations,14,find; sequence; gauge; hold; select; drag; turn; track,4,2,7,98,100,232
walk-in-cooler,smartcity,SmartCiti.X~ Walk-In Cooler VR,Culinary & Hospitality,culinary-kitchen,13,select; hold; gauge; find; sequence; drag; track,4,2,7,93,86,152
well-install,smartcity,SmartCiti.X~ Well Install VR,Environmental Monitoring,hunters-point-bay-restoration,15,select; find; sequence; track; gauge; drag; hold; turn,4,2,3,97,100,222
wellness-asking-for-help-and-resources,smartcity,SmartCiti.X~ Wellness — Asking for Help and Resources VR,Community Environmental Justice,job-readiness-edition; wojrc-pathway-edition,13,find; gauge; sequence; select; drag; turn; hold; track,4,2,11,93,77,234
wellness-peer-support-conversation,smartcity,SmartCiti.X~ Wellness — Peer Support Conversation VR,Community Environmental Justice,job-readiness-edition; wojrc-pathway-edition,13,find; turn; drag; select; sequence; track; gauge; hold,4,2,9,93,72,195
wellness-shift-work-sleep-and-stress,smartcity,"SmartCiti.X~ Wellness — Shift Work, Sleep and Stress VR",Community Environmental Justice,job-readiness-edition; wojrc-pathway-edition,13,find; gauge; sequence; track; turn; select; drag; hold,4,2,6,95,83,242
wellness-substance-use-and-the-job,smartcity,SmartCiti.X~ Wellness — Substance Use and the Job VR,Community Environmental Justice,job-readiness-edition; wojrc-pathway-edition,13,find; select; turn; drag; sequence; track; gauge; hold,4,2,8,95,88,260
who-after-action-review,smartcity,SmartCiti.X~ After-Action Review VR,Emergency Services,outbreak-response-who,13,select; turn; sequence; find; drag; hold; gauge; track,4,2,10,98,100,228
who-contact-tracing-visit,smartcity,SmartCiti.X~ Contact Tracing Visit VR,Emergency Services,outbreak-response-who,13,select; sequence; gauge; hold; find; track; drag; turn,4,2,10,98,100,207
who-isolation-ward-setup,smartcity,SmartCiti.X~ Isolation Ward Setup VR,Emergency Services,outbreak-response-who,13,select; sequence; drag; gauge; turn; track; find; hold,4,2,10,97,100,194
who-ppe-donning-and-doffing,smartcity,SmartCiti.X~ PPE Donning and Doffing VR,Emergency Services,outbreak-response-who,13,find; drag; turn; track; sequence; hold; select; gauge,4,2,10,97,100,164
who-risk-communication-and-community-engagement,smartcity,SmartCiti.X~ Risk Communication and Community Engagement VR,Emergency Services,outbreak-response-who,13,select; sequence; find; turn; gauge; hold; drag; track,4,2,9,98,100,280
who-safe-and-dignified-burial,smartcity,SmartCiti.X~ Safe and Dignified Burial VR,Emergency Services,outbreak-response-who,13,select; hold; sequence; gauge; turn; find; track; drag,4,2,10,98,100,214
who-surveillance-and-case-definition,smartcity,SmartCiti.X~ Surveillance and Case Definition VR,Emergency Services,outbreak-response-who,13,select; sequence; drag; find; turn; hold; gauge; track,4,2,10,98,100,194
who-treatment-centre-triage,smartcity,SmartCiti.X~ Treatment Centre Triage VR,Emergency Services,outbreak-response-who,13,select; drag; turn; gauge; track; sequence; find; hold,4,2,9,98,100,208
who-vaccination-line,smartcity,SmartCiti.X~ Vaccination Line VR,Emergency Services,outbreak-response-who,13,select; gauge; find; turn; sequence; hold; drag; track,4,2,10,98,100,274
who-water-sanitation-and-hygiene,smartcity,"SmartCiti.X~ Water, Sanitation and Hygiene VR",Emergency Services,outbreak-response-who,13,select; sequence; gauge; track; hold; turn; drag; find,4,2,9,98,100,212
wildland-urban-interface,smartcity,SmartCiti.X~ Wildland-Urban Interface VR,Emergency Services,first-responders,14,sequence; select; gauge; find; drag; turn,4,2,8,96,100,244
wind-nacelle,smartcity,SmartCiti.X~ Wind Nacelle VR,Energy & Power,situational-awareness,13,select; gauge; sequence; turn; hold; find,4,2,4,91,100,166
wp-apprenticeship-enrollment-day,smartcity,SmartCiti.X~ Apprenticeship Enrollment Day VR,Community Environmental Justice,wojrc-pathway-edition,13,select; find; sequence; hold; gauge; track; turn; drag,4,2,6,96,100,143
wp-employer-meet-and-greet,smartcity,SmartCiti.X~ Employer Meet-and-Greet VR,Community Environmental Justice,wojrc-pathway-edition,12,select; hold; find; sequence; gauge; track; drag; turn,4,2,5,96,100,187
wp-first-paycheck-coaching,smartcity,SmartCiti.X~ First-Paycheck Coaching VR,Community Environmental Justice,wojrc-pathway-edition,13,select; hold; find; sequence; gauge; track; drag; turn,4,2,6,94,100,123
wp-graduation-and-alumni-mentors,smartcity,SmartCiti.X~ Graduation and Alumni-Mentor Day VR,Community Environmental Justice,wojrc-pathway-edition,13,select; sequence; hold; find; gauge; track; drag; turn,4,2,5,96,100,203
wp-intake-and-pathway-planning,smartcity,SmartCiti.X~ Intake and Pathway Planning VR,Community Environmental Justice,wojrc-pathway-edition,13,select; find; hold; gauge; track; drag; sequence; turn,4,2,6,96,100,156
wp-mock-interview-and-resume,smartcity,SmartCiti.X~ Mock Interview and Resume VR,Community Environmental Justice,wojrc-pathway-edition,13,select; hold; find; sequence; gauge; track; turn; drag,4,2,6,95,100,128
wp-permit-study-and-knowledge-test,smartcity,SmartCiti.X~ Permit Study and Knowledge-Test Day VR,Mobility & Transit,wojrc-pathway-edition,13,select; hold; sequence; track; find; gauge; turn; drag,4,2,6,96,100,132
wp-warehouse-ride-along,smartcity,SmartCiti.X~ Warehouse Ride-Along Day VR,Mobility & Transit,wojrc-pathway-edition,14,select; sequence; hold; find; drive; gauge; turn; drag,4,2,6,95,100,161
wvpp-panic-button,smartcity,SmartCiti.X~ WVPP & Panic Button VR,Culinary & Hospitality,bartending-course,13,select; sequence; find; drag; hold; gauge; turn,4,2,5,95,100,152
yc-engine-room-pre-start-and-bilge-check,smartcity,SmartCiti.X~ Engine Room Pre-Start & Bilge Check VR,Maritime & Ports,yacht-and-charter-crew,13,select; sequence; find; hold; turn; drag; gauge; track,4,2,8,96,100,184
yc-fuel-dock-transfer-and-spill-kit,smartcity,SmartCiti.X~ Fuel Dock Transfer & Spill Kit VR,Maritime & Ports,yacht-and-charter-crew,13,select; sequence; find; drag; hold; track; gauge; turn,4,2,10,96,100,220
yc-galley-fire-and-fixed-system,smartcity,SmartCiti.X~ Galley Fire & Fixed System VR,Maritime & Ports,yacht-and-charter-crew,13,select; sequence; find; hold; drag; turn; track; gauge,4,2,8,96,100,157
yc-line-handling-and-docking-in-crosswind,smartcity,SmartCiti.X~ Line Handling & Docking In A Crosswind VR,Maritime & Ports,yacht-and-charter-crew,13,select; sequence; find; drag; track; turn; hold; gauge,4,2,7,95,100,219
yc-man-overboard-recovery-drill,smartcity,SmartCiti.X~ Man Overboard Recovery Drill VR,Maritime & Ports,yacht-and-charter-crew,13,select; drag; sequence; hold; track; gauge; turn,4,2,8,93,100,220
yc-pre-departure-safety-briefing-and-guest-count,smartcity,SmartCiti.X~ Pre-Departure Safety Briefing & Guest Count VR,Maritime & Ports,yacht-and-charter-crew,12,select; sequence; find; hold; drag; gauge; track; turn,4,2,9,97,100,306
yc-shore-power-connection-and-in-water-electrical-safety,smartcity,SmartCiti.X~ Shore Power Connection & In-Water Electrical Safety VR,Maritime & Ports,yacht-and-charter-crew,13,select; sequence; find; turn; drag; hold; gauge; track,4,2,8,98,100,257
yc-tender-launch-and-guest-transfer,smartcity,SmartCiti.X~ Tender Launch & Guest Transfer VR,Maritime & Ports,yacht-and-charter-crew,13,select; sequence; find; drag; track; turn; gauge; hold,4,2,8,95,100,251
youth-patrol-training,smartcity,SmartCiti.X~ Youth Patrol Training VR,Community Environmental Justice,hunters-point-can-we-live,12,sequence; find; select; drag; gauge; track; hold,4,2,4,94,75,250
devops,trades,Deploy Bay,Trade Skills Simulator,,11,select; find; sequence; drag; turn; gauge; hold,5,0,3,93,67,311
electrical,trades,Isolation Bay,Trade Skills Simulator,electrical-first-period; situational-awareness,12,select; find; drag; turn; gauge; sequence; hold,4,2,5,97,100,299
kitchen,trades,Hot Line,Trade Skills Simulator,bartending-course; culinary-kitchen,11,hold; select; gauge; drag; turn; sequence,5,2,7,98,100,387
paint-sprayer,trades,Coatings Bay,Surface Prep & Coatings,,11,select; sequence; gauge; track; find,4,2,3,96,100,235
phlebotomy,trades,Draw Station,Trade Skills Simulator,dental-hygiene-unspoken-smiles; situational-awareness,10,find; select; drag; gauge; sequence; hold,4,2,4,99,100,227
plumbing,trades,Rough-In Bay,Trade Skills Simulator,,10,select; turn; hold; sequence; drag; gauge; find,4,2,8,97,100,235
pressure-washer,trades,Wash-Down Yard,Surface Prep & Coatings,hazmat-environmental,11,select; drag; sequence; gauge; track; hold; find,4,2,4,90,75,217
salon,trades,Colour Studio,Trade Skills Simulator,sewing-garment-trades,10,select; hold; drag; gauge; sequence; track,5,2,5,99,100,384
welding,trades,Weld Bay,Trade Skills Simulator,situational-awareness,10,select; drag; turn; sequence; gauge; hold,5,2,4,98,100,392
